SHIP_NAME	CAPTAIN_NAME	CAPTOR_NAME	TONNAGE	CREW_SIZE	DAY_CAPTURE	MNTH_CAPTURE	YEAR_CAPTURE	HCA
		0	0		1	0		HCA34-6
ABEILLE	FORLET	HEBE	110	0	9	1	96	HCA34-61
ABEILLE INDUSTRIEUSE								HCA
ABEILLE INDUSTRIEUSE	LE GOFF	PHOENIX PR	140	0	21	5	98	HCA34-62
ABEILLE RENE DENCE	LA GARDE	DRYAD	290	70	30	6	96	HCA34-61
ACHERON	DU TAILLY	BERESFORD	3					HCA
ACHERON	DU TAILLY	BERESFORD CR	60	38	22	9	97	HCA34-62
ACHILLE	BRIUNI	PIGMY	350	44	31	7	1	HCA34-63
ACHILLE	DUTRA	ATALANTA SLOOP	280	0	17	12	6	HCA34-64
ACHILLE	HUGUES	SIRIUS	280	0	13	8	3	HCA34-64
ACHILLE	VILLEGRIS	HOWES FL	298	0	15	7	94	HCA34-61
ACR								HCA
ACTEON	DEPOGE	EGYPTIENNE	281	26	9	11	5	HCA34-64
ACTIF	///	MACOON	90	23	2	12	96	HCA34-61AA
ACTIF	BALLET,	THAMES	281	35	27	1	1	HCA34-60
ACTIF	GANTREAU	PHAETON	101	6	3	5	97	HCA34-61
ACTIF	LAURIOL	SHANNON FRIGATE	280	0	22	6	9	HCA34-65
ACTIF	LOISOL	GREYHOUND	290	30	4	5	93	HCA34-61
ACTIF	MOREL	STAG CUTTER	120	14	4	11	96	HCA34-61
ACTIVE	BROUDEVI	SPITFIRE	280	0	8	2	99	HCA34-63
ADELAIDE	BALLET	GANNET SLOOP	280	0	19	7	3	HCA34-64
ADELAIDE	MARQUIS	DISPATCH	110	0	22	11	99	HCA34-63
ADELAIDE	THUILLIER	HIRONDELLE	280	0	2	10	1	HCA34-63
ADELAINE	JALLAND	ARTOIS FR	100	0	21	4	95	HCA34-61
ADELE	DUVEILLA	INDEFATIGABLE	280	39	23	9	8	HCA34-65
ADELE	MANGE	KINGSTON PR	290	0	13	6	97	HCA34-62
ADELE	MANGE	KINGSTON PR	290	0	13	6	97	HCA34-62
ADELEIDE	CANELLA	PIGMY	350	48	31	7	1	HCA34-63
ADOLPHE	DESBROSSES	IRLAM PR	190	0	22	11	3	HCA34-64
ADOLPHE	ICART	NAUTILUS	130	36	31	7	97	HCA34-62
ADOUR	AULIDE	S MARGARETTA	61	47	18	8	97	HCA34-62
AFFAME	JEGO	FLORA FR	180	90	1	8	93	HCA34-61
AFFRIQUE	HENRY	SPITFIRE	290	21	28	3	93	HCA34-61
AGREABLE	CANNAE	HARRIOT	190	0	8	5	93	HCA34-61
AGREEABLE	CANNAE	HARRIOT	190	0	8	5	93	HCA34-61
AIGLE	HARAMENDY	LATONA	180	62	6	2	98	HCA34-62
AIMABLE ADELAIDE	HERPIN	ENTERPRIZE PR	140	0	12	9	98	HCA34-62
AIMABLE AURORA	LABADY	SURPRISE	290	0	28	5	93	HCA34-61
AIMABLE CATHERINE BOMB	CARLES	AGAMEMNON	0	0	0	0	0	HCA32-499
AIMABLE EMILIE	HERDNON	DESPATCH	110	0	22	11	99	HCA34-63
AIMABLE JEANNETTE	HOUTE	LOTTERY PR	140	0	3	10	97	HCA34-62
AIMABLE LIBERTE	RACINE	PHAETON	280	19	16	4	93	HCA34-61
AIMABLE MADELAINE	OZAINE	GALATEA FR	100	0	21	4	95	HCA34-61
AIMABLE MANETTE	ROBIN	SPITFIRE	280	66	13	6	97	HCA34-62
AIMABLE MARIE	SEMINEL	HIND	200	23	16	4	93	HCA34-61
AIMABLE ROSE	LE CHEVALIER	PITT PR	140	0	7	9	97	HCA34-62
AIMABLE ROSE	LEONARD	PHOENIX	140	0	23	7	99	HCA34-63
AIMABLE SOCIETE	LANCES	PILL PR	270	0	9	4	99	HCA34-63
AIMABLE SUZANNE	BOGNETTEAU	DOLPHIN	320	0	20	5	94	HCA34-61
AIMABLE SUZANNE	LAVERGNE	ALLIGATOR	320	0	16	8	93	HCA34-61
AIMABLE THERESE	COFFIN	ANN	380	25	3	10	99	HCA34-63
AIMABLE VICTOIRE	FLEURY	BRILLIANT	110	0	15	6	93	HCA34-61
AIMABLE VICTOIRE	FLORANCE	TRITON	280	87	7	3	99	HCA34-63A
AIME CHERIE	GANDIN	DESPATCH	110	0	17	7	0	HCA34-63
AJAX	BOUTOUCHE	HAZARD PR	140	22	3	9	0	HCA34-63
ALCIDE	///	VICTORY	316	15	9	6	96	HCA34-61
ALERT	DEMAY	KEITH SQ	251	8	6	3	0	HCA34-63
ALERT	RIOUDELAGESSE	FISHGUARD	280	84	2	10	0	HCA34-63
ALEXANDER	GUILLEMET	BRIDPORTS SQ	296	66	7	9	95	HCA34-61
ALEXANDRE	///	STRACHAN SQ	290	0	24	6	95	HCA34-9
ALEXANDRE	///	STRACHAN SQ	290	0	24	6	95	HCA34-61
ALEXANDRINE	SEPTAN	CHARON	280	28	19	6	98	HCA34-62
ALLEGRE	LE HUBY	SPITFIRE	290	31	23	2	97	HCA34-62
ALLERTE	DRIEU	CARYSFORD	210	75	22	1	98	HCA34-62
AMARANTHE	DELAMERE	DIAMOND	290	83	2	2	97	HCA34-62
AMBITIEUX	GUILLEMEN	LATONA FR	290	68	28	6	93	HCA34-61
AMBUSCADE	CLEMENT	CANADA	294	86	20	12	98	HCA34-62
AMERICA	LERETIER	HOWE FL	297	20	15	7	94	HCA34-61
AMERIQUE	DAVID	LATONA	290	22	16	4	93	HCA34-61
AMERIQUE	ROSSY	THESEUS,	150	0	14	8	1	HCA34-60
AMI DE LA NATION	MATRE	ALLIGATOR	140	0	6	11	93	HCA34-61
AMI DES LOIX	SCORPERY	HOUND CR	290	36	28	5	93	HCA34-61
AMI DES LOIX	SENSSERY	HOUND CR	0	35	0	0	93	HCA32-494 1
AMI DES PAL								HCA
AMI DES PLANTEURS	TARDIF	///	110	90	29	6	93	HCA32-497 1
AMIS	GARNIER	SPEEDWELL	280	18	12	12	97	HCA34-62
AMIS	HERCE	INDEFATIGABLE	100	0	13	5	96	HCA34-61
AMIS	MONACH	SNAKE	290	0	28	11	0	HCA34-63
AMIS	PATFRERE,	RACCOON	290	31	27	5	97	HCA34-62
AMIS DE BORDEAUX	PETRONILLE	POLYPHEMUS	60	80	23	2	97	HCA34-62
AMIS FIDELLES	TRUFFER	STAG	110	0	4	9	93	HCA34-61
AMITIE	BARNARD	ALLIGATOR	320	0	21	1	94	HCA34-61
AMITIE	MOURAILLEAU	PHOENIX PR	140	0	21	3	98	HCA34-62
AMITIE	ZEPART	PLYMOUTH	280	55	3	5	97	HCA34-62
ANACREON	BLAUCHERNAN	CHAMPION	370	54	27	7	99	HCA34-63
ANDROMACQUE	MOREL	WARREN SQ	392	85	14	10	96	HCA34-61
ANETTE CHERIE	///	VALIANT	290	0	13	6	97	HCA34-62
ANGE GARDIENNE	///	WARREN SQ	100	0	27	4	96	HCA34-61
ANGELIQUE	NICOLAIN	DOLPHIN LR	320	0	25	5	94	HCA34-61
ANNE	ALLANIEUX	PELLEW SQ	280	23	3	9	0	HCA34-60
ANNE	NOEL	ST FIORENZO	290	0	21	1	97	HCA32-62
ANTHOINE DESIRE	GUERIN	PHOENIX PR	140	0	21	3	98	HCA34-62
ANTICHRIST	SCORSSERY	FAVOURITE	370	53	2	6	1	HCA34-63
ANTOINE	RABIN	UNICORN	280	0	27	7	99	HCA34-63
ARAIGNEE	MOSSE	TRITON	280	39	9	11	98	HCA34-62
ARGONAUTE	NEEL	GALATEA	60	36	7	9	97	HCA34-62
ARGUS	MARTIN	POMONE	281	4	24	5	99	HCA34-63
ARRISO	JOURD	CHARMING MOLLY	100	13	6	11	93	HCA34-61
ARRORGANTE	LEMBOUR	JASON	280	90	1	6	98	HCA34-62
ASPIE	JASLIN	QUEBEC	290	57	21	4	96	HCA34-61
ATALANTE	DORDELIN	PHOEBE	281	2	23	2	96	HCA34-62
ATALANTE FR	DURAND	SWIFTSURE	2	74	7	5	94	HCA32-501
AUDACIEUX	CAUDEAUX	CAMBRIAN	280	43	12	6	1	HCA34-63
AUDACIEUX	DE BON	DILIGENCE CR	240	44	31	7	97	HCA34-62
AUDACIEUX	MOUTON	MAGNANIME	61	37	1	6	98	HCA34-60
AUGUSTINE	DE DECTIERS	DISPATCH	370	42	27	9	96	HCA34-61
AUGUSTINE	DESHAYSCE	MARY	190	0	11	11	93	HCA34-61
AURORE	GIRAULT	THAMES	281	1	10	3	1	HCA34-60
AVANTAGEUX	GAUIDES	AJAX	290	40	10	3	0	HCA34-63
AVENTURE	EXCADO	MERMAID FR	281	8	6	2	98	HCA34-62
AVENTURE	LA MOCHE	ARISTOCRATE	280	42	27	2	0	HCA34-63
AVENTURE	PELTIER	GREYHOUND	290	62	27	1	97	HCA34-62
AVENTURE	VILDIEUX	AURORA FR	180	43	6	2	98	HCA34-62
AVENTURIER	CONRIAT	PENELOPE CR	280	33	26	2	98	HCA34-62
AVENTURIER	PRETRE	SWIFT CR	90	11	30	3	97	HCA34-62
AVENTURIER	PRETRE	SWIFT CR	90	11	30	3	97	HCA34-62
AVENTURIER	RAFFY	MELPOMONE	280	82	3	9	98	HCA34-62
AVENTURIER	VILLEAUBERT	AMETHYSTE	280	52	10	3	0	HCA34-63
BAALGAD	LE CONTE	PHOEBE	61	0	24	4	0	HCA34-63
BABET	BETHAMME	FLORA FR	291	78	29	5	94	HCA34-61
BASQUE	///	PHOENIX PR	140	0	30	3	98	HCA34-62
BAVIAS	FROMENTIN	DRIVER	200	57	10	1	0	HCA34-63
BAYONNAIS	LASSERRE	BLANCHE FR	180	43	24	4	98	HCA34-62
BEAUREPAIRE	DOUAMIE	WARREN SQ	280	0	31	7	0	HCA34-63
BELLE ANGELIQUE	///	HOUND CR	290	17	21	6	96	HCA34-61
BELLE ANNE	LA PEYRE	CONWAY PR	140	0	24	4	98	HCA34-62
BELLE HELENE	ROSNEY	CHAMPION	50	32	20	7	2	HCA34-60
BELLE JULIE	CHATELLE	EXCELLENT	280	0	10	1	1	HCA34-63
BELLE POULE	BRUILLAC	AMAZON	293	30	11	6	6	HCA34-64
BELLIQUIEUSE	GIRON	MELAMPUS	281	20	26	2	98	HCA34-62
BELLONE	JACOB	CANADA	285	19	21	12	98	HCA34-62
BENJAMIN	ANDRAU	MERCURY	181	10	3	5	98	HCA34-62
BENJAMIN	ORLEANOIS	DOLLY CR	100	0	15	9	97	HCA34-62
BETSEY,	LOUIS	AMAZON	100	88	19	7	96	HCA34-61
BETZEY	PATROUILLEAU	KINGSFISHER	181	18	28	3	98	HCA34-62
BICHE	LE CERF	PAMONE	280	0	9	4	95	HCA34-61
BIEN VENUE	LECIVIO	M DE COBOURG	370	33	21	4	1	HCA34-63
BIENAIME	ROY	DASHER	280	0	3	9	1	HCA34-60
BON CITOYEN	CADEVILLE	RUSSELL	280	60	21	5	98	HCA34-62
BON FRERE	DEMENSIGNIAC	PRS ELIZABETH	100	0	23	5	93	HCA34-61
BON FRERE	MALEVAL	DIADEM	160	0	21	1	96	HCA34-61
BON ORDRE	EUDE	CLYDE	280	58	7	3	99	HCA34-63
BON PIERRE	BRIGNOE	PHOENIX	180	0	10	3	0	HCA4-63
BON SUCCESS	ROTWIER	MAGICIENNE	290	0	2	6	1	HCA34-63
BONHEUR	BURNEL	NIMBLE CR	290	24	9	5	97	HCA34-62
BONNE	///	WARREN SQ	100	0	13	5	96	HCA34-61
BONNE CITOYENNE	LABOURDONNIOS	PHAETON	291	60	1	4	96	HCA34-61
BONNE ESPERANCE	LION	CHILDERS	290	30	14	10	96	HCA34-61
BONNE FOI	CORICK	CANADA	280	0	24	4	98	HCA34-62
BONNE FOY	SAILLONER	HEBE	140	0	2	10	95	HCA34-61
BONNE MERE	LOYER	SCROURGE SL	280	0	25	4	93	HCA34-61
BONNE NOUVELLE	LANNAY	WARREN SQ	280	0	31	7	0	HCA34-63
BONS AMIS	BOSSINET	SPITFIRE	280	33	3	5	97	HCA34-62
BONS AMIS	LIRSILLONE	ROYALIST LR	140	0	27	1	97	HCA34-62
BORDELAIS	MOREAU	REVOLUTIONAIRE	60	0	10	12	99	HCA34-63
BOUILLON	VALECOLETT	FOX CR	100	26	21	6	97	HCA34-62
BOULONNAIS	BARBIER	ANIAN	280	70	4	4	99	HCA34-63
BOURGAINVILLE	DUPONT	AMAZON	0	82	8	4	0'	CAO34-63
BOURGAINVILLE	LA BON	EURIDICE	290	68	1	7	1	HCA34-63
BRAVE	////	SPEEDWELL CR	290	25	27	9	96	HCA34-61
BRAVE	DELATTRE	ARETHUSA	290	50	2	6	0'	CAO34-63
BRAVE	ROBIN	PHOENIX FR	281	54	19	6	98	HCA34-62
BRUNE	DESPEITZ	DORIS FR	361	65	22	12	97	HCA34-62
BRUNETTE	CHERPUY	UNITE	290	80	20	10	97	HCA34-62
BRUTUS	CAREE	ENDYMION	340	50	31	7	98	HCA3M-62
BUONAPARTE	HEULIUWAS	NIMBLE	380	37	31	3	1	HCA34-63
BUONAPARTE	MUCHENARE	MARTIN	370	82	23	3	97	HCA34-62
BUONAPARTE	RAIMOND	S MARGARETTA	61	40	2	12	96	HCA34-61
BUONAPARTE	ROUXEL	SUFFISANTE	280	34	13	7	97	HCA34-62
CA IRA	///	PRS ROYAL	319	99	9	6	96	HCA34-61
CAIUS GRACCUS	LOGE	TARTAR	140	0	0	0	2	"HCA'""A"
CAIUS GRACCUS	LOGE	TARTAR	140	0	0	0	2	HCA34-60
CALAISIEN	LAMY	BADGER	300	18	16	2	99	HCA34-63
CALAISIEN	LAMY	BD						HCA
CALLIOPE	DE HAYE	O.U,.IL-/I-.,						HCA
CALLIOPE	DE HAYE	WARRENS SQ	391	89	26	2	98	HCA34-62
CALVADOS	DE LATTRE	CERBERUS	280	33	12	8	96	HCA34-61
CAMUS	///	DASHER	280	24	28	1	0	HCA34-63
CANADIEN	LABLE	CYNTHIA	110	0	28	10	1	HCA34-63
CANTABRE	HERIAR	CAMBRIAN	280	58	22	1	99	HCA34-63
CAPITAIN THUROT	PERY	SEA GULL SL	200	23	22	9	98	HCA34-62
CARMAGNOLE	RAGAUDIN	MARY	190	0	28	5	93	HCA34-61
CAROLINE	BERTHOUD	PHOENIX	280	87	31	7	98	HCA34-62
CASTOR	LE REDDRE	ST FIORENZO	290	54	7	9	97	HCA34-62
CATHERINE	///	STRACHANS SQ	290	0	24	6	95	HCA34-61
CATHERINE	LEGOFFRE	SPITFIRE	280	0	1	2	99	HCA34-63
CATHERINE DE PAIMPOL	///	ROYALIST LR	2					HCA
CATHERINE DE PAIMPOL	///	ROYALIST LR	140	0	1	3	96	HCA34-61
CENSEUR	///	PRS ROYAL SL	319	21	9	6	96	HCA34-61
CENSU								HCA
CERBERE	BRANZOU	URANIA	280	69	22	5	0	HCA34-63
CERBERE	MENAGE	PELLEWS SQ	280	87	17	12	0	HCA34-63
CERES	LE VASSEUR	REVOLUTIONNAIRE	60	0	22	11	99	HCA34-63
CERF	CANTIN	CONWAY PR	140	0	24	4	98	HCA34-62
CERF VOLANT	MANGOLLE	TISIPHONE	370	63	20	10	97	HCA34-62
CESAR	LE BEDEL	CAMBRIA	100	57	1	6	98	HCA34-62
CHARLES MARIE	QUEREL	DUBLIN VOLUNT	110	0	8	2	99	HCA34-63
CHARLES MARIE	QUEREL	DUBLIN VOLUNTEER &[			11	0	8	HCA
CHARLES MARIE	QUEREL	DUBLIN VOLUNTEER	1	10	0	8	2	HCA
CHARLOTTE	CHEVALIER	LADY SARAH	110	0	22	5	1	HCA34-60
CHARLOTTE	JOLIEZ	WARRENS SQ	100	0	27	9	96	HCA34-61
CHARLOTTE-JOLIEZ-	WARRENS SQ	U////IM-/.-.L						HCA
CHASSEUR	AVEZON	UNITE	280	47	14	11	97	HCA34-62
CHASSEUR	NIEPORT	CRUISER	330	48	29	6	98	HCA34-62
CHAUVELIN	GRENIER	ALARM FR	200	53	28	5	93	HCA34-61
CHAUVIN DRAGON	FRECTION	VULTURE PR	140	0	14	11	97	HCA34-62
CHERI	CHOSSIN	PIMONE FR	342	7	26	2	98	HCA34-62
CHEVRETTE	CHASSEREAU	ROBUST	282	47	3	9	1	HCA34-60
CHONCHON ET COCO	BRILLAND	TARTAR	110	0	6	6	93	HCA34-61
CIGALE	HALGAND	CYNTHIA PR	110	0	24	3	1	HCA3434-63
CLAM	BOUMAIZE	STRACHANS A						HCA
CLAM	BOUMAIZE,	STRACHANS SQ	290	50	24	6	95	HCA34-61
CLARICE	LE MUNE	LEOPARD					3	HCA
CLARICE	LE MUNE	LEOPARD	31	48	11	6	1	HCA34-63
CLEMANTINO	DIDIER	NETTLEY	290	0	7	3	99	HCA34-63
CLEOPATRE	MULLEN	NYMPH FR	293	22	1	8	93	HCA34-61
COCYTE	LA DIORE	STAG	340	33	27	1	98	HCA34-62
COL								HCA
COLOMBE	DAMBEAU	MAGNANIME	280	66	2	10	98	HCA34-62
COLONIE	BLAIR	DIADEM	160	0	21	1	96	HCA34-61
COMMERCE	DOUAREN	CHANCE	!00	0	1	5	0	HCA34-60
CONCESSIONE	REZZA	AIGLE	160	0	22	11	99	HCA34-63
CONCORDE	BLAQUE	HARD	110	0	2	12	0	HCA34-63
CONFIANTE	BEVRIER	HYDRA	393	0	30	8	99	HCA34-60
CONSOLATEUR	ROLLAND	VULTURE	140	0	26	2	98	HCA34-62
CONSTANC								HCA
CONSTANCE	DESAUNAY	ST FIORENZO	281	89	3	5	97	HCA34-62
CONSTANCE	LERAY	MERCURY	180	92	3	5	98	HCA34-62
CONSTANTE	///	STRACHANS SQ	290	0	24	6	95	HCA34-61
CONSTANTE	DUHAMEL	RESOLOTUTION PR	110	0	26	6	98	HCA34-62
CONT								HCA
COQUETTE	NOUP	ST MARGARITTA	60	0	10	1	1	HCA34-63
COQUILLE	DEPEROUNE	CN						HCA
COQUILLE	DEPEROURE	CANADA	285	7	20	12	98	HCA34-62
CORUNESA	TORTEAU	FLORA	180	85	2	10	0	HCA34-63
CORUNESA	TORTEAU	FLR						HCA
COTENTIN	POUPERVILLE	HARPY	290	22	28	3	97	HCA34-62
COUP D ESSAY	LE MESLE	STAR SL	290	28	27	1	97	HCA34-62
COURAGEUSE	RAUGAR	PILL	140	0	12	7	99	HCA34-63
COURAGEUX	BERNARD	ALCMENE	182	48	18	3	0	HCA34-63
COURAGEUX	FRANCOIS	INTREPID	360	0	17	5	1	HCA34-63
COURAGEUX	LE GRAND	SUFFISANTE	280	44	28	3	0	HCA34-63
COURAGEUX	VANALEINE	CRUIZER	370	47	30	8	99	HCA34-63
COUREUR	ARNOULD	REVOLUTIONNAIRE	61	25	24	4	0	HCA34-63
COUREUR	BERNER	AIMABLE	290	55	26	6	93	HCA34-61
COUREUR	BERTRAND	JASON	281	51	3	5	98	HCA34-62
COUREUR	DOLOBARATZ	PHOENIX	140	0	24	5	99	HCA34-63
COUREUR	LEVEILLE	BLANCHE	180	86	22	1	98	HCA34-62
COUREUR	PATIN	TRIMMER	260	44	15	5	93	HCA34-61
COUREUSE	LA LANDAIS	POMONA FR	280	23	21	4	95	HCA34-61
COURRIER	GALLIAS	PORCUPINE	190	74	28	4	96	HCA34-61
COURRIER D ESPAGNE	HERVE	EAGLE	140	0	2	11	98	HCA34-60
COURRIER DE LA MER								HCA
COURRIER DE LA MER	BOUILLERON	I./IJ/M-/.-.M						HCA
COURRIER DE LA MER	BOUILLERON	TRIAL	290	24	7	9	97	HCA34-62
COURRIER DE NANTES	LE CROIX	VULTURE PR	140	0	26	2	98	HCA34-62
CRASH	BYBEL	PLYADES	280	54	25	10	99	HCA34-63
CROCODILE	CHOSEL	SWAN CR	290	25	19	6	98	HCA34-62
CU								HCA
CULTIVATEUR	ROUX	AMESIA	280	0	7	4	98	HCA34-62
CURIEUX	HARAN	INCONSTANT FR	290	91	9	7	93	HCA34-61
CUSTIN	BOILLAN	SAVAGE	370	26	16	4	93	HCA34-61
CUSTINE	LEFEBVRE	HINDE	290	41	16	4	93	HCA34-61
CUSTINE	OREILLE	IRIS FR	200	36	16	4	93	HCA34-9
CUSTINE	OREILLE	IRIS FRI	200	36	16	4	93	HCA34-61
CUSTINE	TIERCE	GREYHOUND CR	360	47	4	5	93	HCA34-61
CYGNE	CART	DORIS	80	70	8	7	96	HCA34-61
D HAVRE ET CROY	PERREE	DUDGEON	190	0	15	5	93	HCA34-61
DAPHNE	LE CORPS	NANCY CR	290	25	13	6	97	HCA34-62
DAPHNE	LE FREYTE	ANSON FR	282	30	26	2	98	HCA34-62
DAUPHIN	///	TRITON FR	100	0	27	8	97	HCA34-62
DAUPHIN	DURAND	DRUID	280	0	9	7	93	HCA34-61
DE BRAVE	DITLOFFS	ALBATROSS	200	24	20	10	97	HCA34-62
DECADE	VILLENCAMP	MAGNANIME	283	19	2	10	98	HCA34-62
DECOUVERTE	MARTINEAU	UNITE	280	94	30	11	97	HCA34-62
DECRES	MICHEL	SURINAM SLOOP	280	76	17	12	7	HCA34-65
DEDAIGNEUSE	LACROIX	OISEAU	280	0	3	9	1	HCA34-60
DELPHINE	BOISCHANON	NIGER	290	32	6	2	98	HCA34-62
DEMOISELLE THERESE	///	DAPHNE PR	10	0	30	9	96	HCA34-61
DESIR	ANSIL	ORPHEUS	400	0	20	9	93	HCA34-61
DESIR DE LA PAIX	PALLISSIER	PHOENIX	140	0	28	6	0	HCA34-63
DESIRE	///	EAGLE	140	0	10	5	98	HCA34-62
DESIRE	DOMAIN	DISPATCH	110	0	22	11	99	HCA34-63
DESIREE	RENAND	SPIDER CR	280	18	13	5	96	HCA34-61
DETERMINE	BOINARD	REVOLUTIONAIRE	291	62	16	8	99	HCA34-63
DEUX AMIS	ALEXANDER	NEREUS	190	0	5	8	93	HCA34-61
DEUX AMIS	AMAUDIN	CONWAY	140	0	12	5	98	HCA34-62
DEUX AMIS	BENONT	DESPATCH	110	0	31	1	0	HCA34-63
DEUX AMIS	D ESCALIER	CONSTANCE	290	13	28	11	0	HCA34-60
DEUX AMIS	VUAVANT	ALCMENE	180	0	16	1	0	HCA34-63
DEUX ANDRES	JOURDAN	ORPHEUS	210	0	26	2	98	HCA34-62
DEUX COUSINS	AUDAIRE	ALLIGATOR	320	0	23	10	93	HCA34-61
DEUX COUSINS	MOURGUES	DIADEM	160	0	21	1	96	HCA34-61
DEUX COUSINS	ROY	CYNTHIA PR	110	0	28	10	1	HCA34-63
DEUX FRERES	///	POMONA	100	0	21	4	95	HCA34-61
DEUX FRERES	BALLET	CRUIZER,	370	46	2	7	99	HCA34-63
DEUX FRERES	DANIAS	DOUS	280	0	31	3	1	HCA34-63
DEUX SOEURS	BERTHOUISE	PILL	270	0	26	2	99	HCA34-63
DEUX SOEURS	MAILLET	ALLIGATOR	140	0	21	2	94	HCA34-61
DEUX SOPHIES	BOISSINNO	RESOLUTION PR	110	0	26	6	98	HCA34-62
DIABLE	LE MAITRE	THAMES	281	51	17	12	0	HCA34-63
DIABLE VOLANT	COUDRON	SWALLOW CR	410	27	27	1	97	HCA34-62
DIANA	LUND	CRESCENT	40	0	3	5	98	HCA34-62
DIANA	MAIN	DRUID	280	0	5	4	93	HCA34-61
DIDON	BROS	CIRCE	290	91	26	6	93	HCA34-61
DIDON	MILIAS	PHOENIX	283	30	2	10	5	HCA34-64
DIDON	MULOT	CERBERUS	280	29	23	2	97	HCA34-62
DIFFICILE	DUPLESSIS	PHOENIX	292	6	23	3	97	HCA34-62
DILIGENCE	///	LOTTERY PR	140	0	26	2	98	HCA34-62
DILIGENTE	METEIRIO	INCONSTANT	180	0	9	7	93	HCA34-61
DORADE	LEFEBVRE	JASON	280	53	12	6	1	HCA34-63
DORADE	MARTIN	CLYDE FR	340	91	26	2	98	HCA
DORINE	LAPASADE	PHOENIX	140	0	23	7	0	HCA34-63
DRAGON	LACHIVICE	CAMBRIAN	280	71	4	7	0	HCA34-63
DRAGON	LIARD	BUSY	370	38	1	11	99	HCA34-63
DRAGON	MULOT	NEW DAPHNE PF	230	22	7	4	98	HCA34-62
DROITS DE L HOMME	LA CROSSE	INDEFATIGABLE	399	99	30	3	97	HCA34-62
DUGUAY TROUIN	DUTACHE	DORIS	61	27	7	9	97	HCA34-62
DUGUAY TROUIN	LEQUE	SHANNON	61	36	7	4	98	HCA34-62
DUGUAY TROUIN	LOUFFET	STRACHANS SQ	285	50	18	12	5	HCA34-64
DUGUAY TROUIN	TREHOUART	ORPHEUS	215	0	5	7	98	HCA34-62
DUNKERQUOISE	DENYS	CERBERUS	61	4	21	6	97	HCA34-62
ECHANGE	REGIS	CERBERUS	280	0	6	11	99	HCA34-63
ECLAIR	CLAUPET	BADGER	90	0	2	7	99	HCA34-63
ECLAIR	LE FERRIER	LORD CUNCAN CR	80	0	5	2	1	HCA34-60
ECLAIR	PICORY	DRYAD	61	5	3	10	97	HCA34-62
ECLAIR	ROUBAUD	LEDA FR	161	70	13	11	93	HCA34-61
ECLAIRD								HCA
ECLAIRE	DUGUETZ	UNICORN	61	20	24	2	97	HCA34-62
ECUSEUIL	FIZILLIER	EAGLE PR	140	0	18	9	99	HCA34-63
EGALITE	CHEVALIER	HIND FR	100	48	15	6	93	HCA34-61
EGALITE	NORMAN	POMONE	100	12	26	2	98	HCA34-62
EGYPTIEN	MOSQUERION	MERCURY	290	42	8	4	0	HCA34-63
EIGLE								HCA
EL VELOZ	LA HERZA	CLYDE	280	0	2	10	0	HCA34-61
ELEONORE	DE TESTE	FERRET SL	200	31	21	1	96	HCA34-61
ELEONORE	SAUVAGET	DAPHNE LR	140	0	2	10	95	HCA34-61
ELEONORE	THOMAS	ALLIGATOR	320	0	16	8	93	HCA34-61
ELIZABETH	HENRY	ENTERPRIZE PR	140	0	4	11	96	HCA
ELIZABETH	MARTIN	IPHEGENIA	290	29	28	3	93	HCA34-61
ELIZABETH	MARTIN	IPHEN						HCA
EMANUEL	PETIT	THETIS PR	90	0	27	9	96	HCA34-61
EMILIE	BONOMY	CLEOPATRA	100	99	1	6	98	HCA34-62
EMOUCHET	LETOURNEUR	ALBATROSS SL	200	53	22	1	98	HCA34-62
EMPRUNT FORCE	CANU	POMONE	340	16	24	4	98	HCA34-62
EMULATION	VOLE	LOTTERY PR	140	0	26	2	98	HCA34-62
ENFANT	CUG	GALATEA	420	58	1	3	96	HCA34-61
ENGAGEANTE	DESGAREUX	CONCORD	283	2	29	5	94	HCA34-61
ENTENDU	MATHAU	JALOUSE	370	23	28	6	0	HCA34-63
ENTERPRISE	BRYON	UNICORN	280	17	2	12	96	HCA34-61
ENTERPRISE	EUSTACHE	SWAN CR	430	25	11	5	97	HCA34-62
ENTERPRISE	LAURIOL	DUKE OF YORK CR	430	27	27	9	96	HCA34-61
ENTREEPRENANT								HCA
ENTREPRENANT	BERNARD	ST FIORENZO	280	0	24	5	99	HCA34-63
ENTREPRENANT	MAHE	WEAZLE SL	10	18	27	1	98	HCA34-62
ENTREPRENANT	PODESTA	SUCCESS	220	36	31	3	1	HCA34-63
ENTREPRENANT	VARRIERE	JUNO FR	290	28	16	4	93	HCA34-61
EOLE	HERVIEUX	GRAND FALCON	290	0	23	2	97	HCA34-62
EPEIVEL	///	SWAN	290	20	28	1	0	HCA34-63
EPERVIER	DANET	CERBERUS	61	20	22	1	98	HCA34-62
EPERVIER	HAMMOND	FAIRY	90	22	8	2	99	HCA34-63
EPERVIER	LE VALTON	SWAN	280	14	16	4	93	HCA34-61
EPERVIER	POISSON	PLYMOUTH LR	280	30	3	3	97	HCA34-62
EPERVIER	VALET	FLORA CR	80	26	21	6	96	HCA34-61
ERINGOBRAK	HONEYWELL	PLOVER	380	44	22	1	99	HCA34-63
ESPEIGLE	DREAU	PHOENIX	240	31	13	7	97	HCA34-62
ESPEIGLE	KENNELL	AURORA FR	180	54	6	2	98	HCA34-62
ESPEIGLE	TOURNEAUX	MELPOMENE	290	30	21	6	97	HCA34-62
ESPERANCE	ALLONNEUX	DRUID FR	280	67	9	7	93	HCA34-61
ESPERANCE	BASSET	GRAND FALCONER	290	16	21	6	97	HCA34-62
ESPERANCE	HAMEL	ENTERPRISE PR	140	0	21	1	97	HCA32-62
ESPERANCE	LAURENT	NETTLEY	180	36	28	6	0	HCA34-63
ESPERANCE	LAUTONNE	HARPY FR	90	29	26	2	98	HCA34-62
ESPERANCE	LE VISAGE	LOTTERY PR	140	0	6	2	98	HCA34-62
ESPERANCE	ORSONNEAU	RESOLUTION	360	0	6	11	93	HCA34-61
ESPERANCE	RAUSE	CERBERUS	60	0	10	12	99	HCA34-63
ESPERANCE	SEILLE	DIAMOND	0	52	27	1	97	HCA34-62
ESPION	MOGENDIE	LIVELY FR	281	40	9	4	95	HCA34-61
ESPOIR	BASSET	OISEAU	280	66	21	4	1	HCA34-63
ESPOIR	CODDERIN	VIPER CR	440	16	11	8	97	HCA34-62
ESPOIR	DE LATTRE	M DE COBOURG	90	18	8	12	97	HCA34-62
ESPOIR	DESPEREUX	KINGFISHER SL	180	39	21	3	98	HCA
ESPOIR	LE ROUX	CRESCENT	111	25	9	7	93	HCA34-61
ESPOIR	MAG							HCA
ESPOIR	MARGNOT	KINGFISHER SL	280	0	7	9	95	HCA34-61
ESPOIR	MARGNOT	KINGSH						HCA
ESPOIR	PETIT	LADY CHARLOTTE	280	22	12	6	1	HCA34-60
ESTHER	RABION	EAGLE PR	140	0	30	3	98	HCA34-62
ETOILE	BERTHELIN	ARTOIS	100	40	27	4	96	HCA34-61
ETOURDIS	BOURBEAUX	MARIN LR	450	23	-1			HCA
ETOURDIS	BOURBEAUX	MARIN LR	450	23	13	6	97	HCA34-62
ETRIA	COUDRE							HCA
ETRIA	LACONDRAIS	MELAMPUS	291	37	14	12	96	HCA34-61
EUGENIE	HERAND	CLEOPATRA	61	7	1	6	98	HCA34-62
EVEILLE	HONORE	CONCORDE FR	100	90	7	5	96	HCA34-61
EVEILLE	RAYMOND	TROMPEUSE	60	87	27	7	96	HCA34-61
EXPEDITIF	BARRAS	THOMAS	190	0	23	5	93	HCA34-61
EXPEDITIF	DORRAS							HCA
EXPEDITION	///	INCONSTANTE FR	310	70	9	6	96	HCA34-61
EXPEDITION	CARROY	GALATEA	101	8	2	6	95	HCA34-61
EXPEDITION	CARROY	GALATEA	101	8	2	6	95	HCA34-61
EXPEDITION	CARROY	GALATEA	101	8	2	6	95	HCA34-61
EXPEDITION	MARIE							HCA
F	O	MONTAGU	280	0	18	12	0	HCA34-63
FABRIUS	DUPUIS	DORIS FRIGATE	61	40	4	11	97	HCA34-62
FANTAISIE	CARIDON	JALOUSIE	440	33	10	1	0	HCA34-63
FANTAISIE	LECLERC	FERRET SL	90	36	23	5	93	HCA34-61
FANTAISIE	SEPTAM	GALATEA	100	60	29	6	96	HCA34-61
FASCEUR	FORGEN	DISPATCH	110	0	1	11	99	HCA34-63
FAVOURITE	LE GUE	HIND	280	59	24	2	97	HCA34-62
FEDERATIF	LACROIX	PR OF WALES	190	0	11	5	93	HCA34-61
FELICITE	BOCHER	ENTERPRISE PR	140	0	4	11	96	HCA34-61
FELICITE	O	WARRENS SQ	100	0	13	5	96	HCA34-61
FELICITE	THOMAS	VULTURE PR	140	0	13	9	97	HCA34-62
FELICITE	VOLE	WARRENS SQ	280	0	31	7	0	HCA34-63
FELIX MERITES	SORGINT	MARS	290	0	3	9	95	HCA34-61
FIDELLE	SOUFFESSE	TARTAR	140	0	10	5	99	HCA34-63
FILIBUSTIER	CANY	CRUIZER	370	50	8	5	0	HCA34-63
FIN MATOIS	VINCENT	OVERYSEL	80	12	17	8	98	HCA34-62
FINE	LESSERT	SWALLOW CUTTER	410	11	27	9	96	HCA34-61
FLIBUSTIER	CAPAL	SPIDER SL	280	66	13	6	97	HCA34-62
FLIBUSTIER	DELARGERE	KING GEORGE CR	380	16	12	6	1	HCA34-60
FLIBUSTIER	MARBAISE	EURIDICE	380	63	23	3	97	HCA34-62
FLIBUSTIER	PELLOT	DIANA FR	60	32	8	12	97	HCA34-62
FLORE	NAPIAS	ANSON	282	40	2	11	98	HCA34-62
FLORE DU LEGUE	CHALAMBERT	SYLPH	280	0	27	2	0	HCA34-63
FORMELLE	MANTELAN	LIVELY FRIGATE	282	43	9	4	95	HCA34-61
FORMIDABLE	LETELLIER	STRACHANS SQ	288	10	18	12	5	HCA34-64
FORMIDABLE	LINOIS	LONDON	287	16	29	7	96	HCA34-61
FORTE	LE LOUP	SYBELLA	463	60	4	4	0	HCA34-63
FORTUNE	BASTERE	RUBY	81	88	3	9	0	HCA34-60
FORTUNE	DE KEDIERNE	HOODS SQUADRON	313	0	2	10	98	HCA34-62
FOUDROYANT	DUGATZ	PHOENIX	61	24	4	4	99	HCA34-63
FRANCOIS BERNARD	O	ANSON	100	0	3	5	97	HCA34-62
FRANCOISCO	O	ANSON FRIGATE	100	0	7	4	98	HCA34-62
FRANKLIN	BILLER	WARRENS SQ	101	30	14	12	96	HCA34-61
FRANKLIN	DENJON	LATONA FRIGATE	290	51	28	6	95	HCA34-61
FREDERICK WILLIAM	ANTONIUS	VULTURE PR	140	0	21	6	97	HCA34-62
FROISIENNE FERRAIBLEUR	LAGEOL	MAYFLOWER PR	110	65	16	5	0	HCA34-63
FRUIT DE LA MER	HUBERSON	HUNTER CUTTER	370	0	11	5	93	HCA34-61
FURET	BOUVET	VIPER	100	54	27	2	0	HCA34-63
FURET	FAUGEUX	FLY	290	23	27	9	96	HCA34-61
FURET	GAUTIER	MINERVE	180	77	3	9	0	HCA34-60
FURET	GIRON	SCOURGE	280	48	23	3	97	HCA34-62
FURET	LE BILLET	TRITON FRIGATE	280	44	8	12	97	HCA34-62
FURET	MARBAISSE	RACOON SLOOP	90	13	24	5	96	HCA34-61
FURET	OZANNE	ENDYMION	180	64	1	7	1	HCA34-63
FURET	RIVEN	TRIAL CUTTER	90	39	16	8	93	HCA34-61
FURET	VIANSON	ORESTES SLOOP	290	17	4	11	97	HCA34-62
GAYETE	GUINE	ARETHUSA FRIG	291	86	20	10	97	HCA34-62
GEN DUMOURIER	GUERRE	///	0	0	0	0	0	HCA
GEN DUMOURIER	GUERRE	///	0	0	0	0	93	HCA32-834 1
GENERAL BERNADOTTE	GUERIN	ARETHUSA FRIG	470	57	19	6	0	HCA34-63
GENERAL BRUNE	MARTIN	AMETHYST	281	0	2	6	1	HCA34-63
GENERAL SOULT	HOT	TERMAGENT	400	26	26	2	2	HCA34-60
GENTILLE	AUDAIRE	RESOLUTION PR	110	0	20	6	98	HCA34-62
GENTILLE	CANON	HANNIBAL	283	15	22	5	95	HCA34-61
GENTILLE	LACROIX	PELLEWS SQUADRON	100	0	21	4	95	HCA34-61
GEORGETTE	EDET	HIND FRIGATE	101	50	26	6	93	HCA34-61
GIRONDE	MARTIN	FISHGUARD	280	91	2	10	0	HCA34-63
GLANEUR	TIERCE	FLY	280	33	20	3	99	HCA34-63
GLOIRE	BOURGOINE	ALBATROSS	211	13	26	2	1	HCA34-60
GLOIRE	BUNIO	ASTREA FRIGATE	293	0	22	5	95	HCA34-61
GRACES	MALO	ROBT ADAMS CR	440	23	6	2	98	HCA34-62
GRAND DIABLE	O	ANN	90	8	28	1	0	HCA34-63
GRAND FEVIAILLEUR	MALBERNAS	PHOEBE	61	21	22	11	99	HCA34-63
GRAND INDIEN	VESBAIS	SHANNON	61	20	7	3	99	HCA34-63
GRAND ST GERAUD	HANTE	ALLIGATOR	140	0	12	7	93	HCA34-61
GRIVE	PEYNISSET	ARGUS HIRED LR	280	0	14	10	96	HCA34-61
GUAVIER	LALLEMAND	COURIER	370	35	17	1	0	HCA34-63
GUEPE	DUPONT	WARRENS SQ	281	35	19	11	0	HCA34-63
GUERRIER	VALLAT	TERMAGENT	480	38	26	2	2	HCA34-60
GUERRIERE	HUBERT	BLANCHE FRIGATE	333	13	3	8	6	HCA34-64
GUICHARD	GODIN	SHARK	290	0	28	3	93	HCA34-61
GUIDELOU	GUIDELOU	BOYNE	290	48	9	7	93	HCA34-61
GUN BOAT 57	MOUILLARD	ARISTOCRAT	140	24	24	4	0	HCA34-63
HARDI	DESAUDRAYE	HAZARD	61	26	15	5	97	HCA34-62
HARDI	LE CHOSEL	TELEMACHNS CR	290	29	20	10	97	HCA34-62
HARDI	MAYNAUD	ANSON	280	92	13	6	0	HCA34-63
HARDI MENDIANT	BRANDT	PHOENIX CUTTER	370	28	27	1	97	HCA34-62
HARMONIE	GUEZENEA	ANSON	100	0	27	4	96	HCA34-61
HASARD	ALLARD	SURPRIZE	140	0	22	11	93	HCA34-61
HASARD	CAMAROGUE	PHOEBE	280	0	10	12	99	HCA34-63
HASARD	CHOTEAU	PHAETON FRIGATE	280	96	16	2	98	HCA34-62
HASARD	LA MAIRE	LION CUTTER	90	17	23	2	97	HCA34-62
HASARD	MUILMAN	RACOON	80	18	8	7	96	HCA34-61
HEBE	GARNER	BROTHERS	190	0	11	11	93	HCA34-61
HELENE	GUIOT	ORPHAEUS FRIG	290	0	20	9	93	HCA34-61
HELENE	ROZE	BALCARRAS PR	140	0	22	1	98	HCA34-62
HENRI	DOULLARD	GORGON	181	3	5	7	98	HCA34-62
HENRIETTE	BRISOUT	WARRENS SQUAD	100	17	31	7	0	HCA34-60
HERCULE	HERRITER	MARS	286	80	1	6	98	HCA34-62
HERO DE BAYONNE	GOYELCHE	BRUNSWICK	290	0	3	9	95	HCA34-61
HEROS	ROSSE	ATALANTE ANSELM	280	73	21	5	1	HCA34-63
HEUREUSE ESPERANCE	BASSET	SPEEDWELL	280	23	14	3	0	HCA34-63
HEUREUSE NOUVELLE	DENIS	INDEFATIGABLE	100	78	15	3	98	HCA34-62
HEUREUSE SOCIETE	GOUET	SPITFIRE	280	64	10	6	0	HCA34-63
HEUREUX	GIRON	AMELIA	280	79	14	7	1	HCA34-63
HEUREUX	LIMOUSIN	PHOEBE	62	21	6	5	0	HCA34-63
HEUREUX	RENAUDET	RESOLUTION	110	0	6	6	93	HCA34-61
HEUREUX	VIDAN	INDEFATIGABLE	280	90	12	9	98	HCA34-62
HEUREUX  HASARD	DOUVIE	NAIAD	290	94	4	5	99	HCA34-63
HEUREUX COURIER	LATOUCHE	SPITFIRE	280	56	31	7	0	HCA34-63
HEUREUX MENAGE	MARCHAND	DISPATCH	110	0	31	1	0	HCA34-63
HEUREUX SPECULATEUR	LUONIAN	SPEEDWELL	280	57	14	3	0	HCA34-63
HIRONDELLE	DE FRAYE	BOSTON	200	75	25	4	93	HCA34-61
HIRONDELLE	DESGARDINES	EURIDICE	80	49	19	12	99	HCA34-63
HIRONDELLE	DIAS	HOUND	370	25	3	10	99	HCA34-63
HIRONDELLE	JUS	PRINCE WM PRIV	140	0	2	11	98	HCA34-62
HIRONDELLE	MOURILLAU	HOUND	110	0	2	12	0	HCA34-63
HIRONDELLE	O	STRACHANS SQ	290	0	24	6	95	HCA34-61
HIRONDELLE	ROUILLE	STAG	340	44	3	5	97	HCA34-62
HIRONDELLE	TARDY	CLEOPATRA	290	64	2	2	97	HCA34-62
HIRONDELLE	TROUDE	CERBERUS	60	53	22	12	96	HCA34-61
HOCHE	PREVERT	PLYMOUTH LUGGER	280	14	3	5	97	HCA34-62
HUIT FRERES	O	LADY ANN	370	22	28	6	0	HCA34-63
HUITS AMIS	BANQUES	ENDYMION	61	57	5	7	98	HCA34-62
HURON	ABATUT	ARGUS PRIVATEER	140	0	14	7	1	HCA34-63
HURON	GUVIOU	MAGICIEN	280	0	10	3	1	HCA34-63
HUSARD	HAMMOND	AMERICA	370	34	13	12	98	HCA34-60
HYAENA	BERRADE	INDEFATIGABLE	102	28	10	1	98	HCA34-62
ILLIEZ	CLEUT	VALIANT LUGGER	100	0	28	4	96	HCA34-61
IMMORTALITE	LE GRAND	FISHGUARD	285	80	28	11	98	HCA34-62
IMPETUEUX	DOUVILLE	HOWES FLEET	297	13	15	7	94	HCA34-61
IMPOMISSTU	LANNALOUGE	TRITON	280	64	16	2	99	HCA34-63
IMPROMPTU	LENYER	NIMBLE CUTTER	290	32	9	5	97	HCA34-62
INCONCEVABLE	BRIDENBACK	INDEFATIGABLE	100	52	26	2	98	HCA34-62
INCONNUE	DUHART	AUDACIOUS	341	36	2	10	94	HCA34-61
INCROYABLE	DESSE	FLORA	292	20	13	6	97	HCA34-62
INCROYABLE	LE MARQUAND	SPITFIRE SLOOP	280	30	17	10	97	HCA34-62
INCROYABLE	ROGER	HIND CUTTER	100	29	15	9	97	HCA34-62
INDEFATIGABLE	CANDEAU	ECHALION	401	70	17	5	99	HCA34-63
INDEMNITE	LUGEOL	DIANA	60	68	4	11	96	HCA34-61
INDIEN	FORTERIE	PHAETON	280	54	14	11	97	HCA34-62
INDISPENSIBLE	FLORENCE	TARTAR	490	0	11	5	93	HCA34-61
INSOLENT	VOISUIS	PELLEWS SQUAD	340	82	3	9	0	HCA34-60
INTERVENTION	THIBAUT	IMMORTALITY	282	18	3	9	1	HCA34-60
INTREPIDE	CANDEUX	LATONA	180	78	6	2	98	HCA34-62
INTREPIDE	TAILLARD	MACOON	90	50	28	1	0	HCA34-63
INVINCIBLE BONAPARTE	LAMOTTE	BOADECIA	291	66	1	2	99	HCA34-63
INVISIBLE	DUBOIS	FURY GUNBOAT	290	14	4	11	97	HCA34-62
IPPOCRATE	PIMARE	STAG	280	62	30	3	97	HCA34-62
JACOBIN	GRAVIER	EAGLE	160	0	11	6	95	HCA34-61
JALOUSIE	DE CLOSTER	FLAMER GUNBOAT	500	0	12	12	97	HCA34-62
JALOUSIE	ROY	VULTURE PR	140	0	21	12	97	HCA34-62
JASON	JANET	ANSON FRIGATE	281	7	22	3	98	HCA34-62
JASON	MARGUET	JEALOUSY	200	52	4	4	99	HCA34-63
JEAN BAPTISTE	PERELDE	SURPRIZE	140	0	5	8	93	HCA34-61
JEAN BAPTISTE	PUCHEU	DAPHNE	110	0	31	3	94	HCA34-61
JEAN BART	HIERO	COLPOYS SQUAD	291	18	14	7	95	HCA34-61
JEAN BART	LE MAITRE	TELEMACHUS CR	290	23	14	11	97	HCA34-62
JEAN BART	LE RIDDLE	FALCON SLOOP	290	44	16	4	93	HCA34-61
JEAN BART	NENTS	FERRET	80	38	16	4	93	HCA34-61
JEAN BART	SANTOS	POMONA	101	73	2	6	95	HCA34-61
JEAN DE BORDEAUX	DUVERT	PHOENIX	140	0	15	7	0	HCA34-63
JEAN DE GRANVILLE	PAINCHANT	ROYALIST LUGGER	140	0	27	4	96	HCA34-61
JEAN JACQUES	HUNSEE	BLACK JOKE	140	0	3	9	1	HCA34-63
JEAN MARIE	POLAIN	ANSON	100	0	11	6	96	HCA34-61
JEAN PIERRE	MOCEAU	FLINT PRIVATEER	140	0	2	7	99	HCA34-63
JEAN RENE	ROBERT	DEFIANCE	140	0	12	12	93	HCA34-61
JEANNE	LA BORDE	PHOENIX PR	140	0	21	5	92	HCA34-62
JENNY DE BAYONNE	HANDARGUE	JOHN BULL PR	140	0	10	3	1	HCA34-63
JEUNE AIMEE	VASSE	CAMILLA	290	0	27	2	0	HCA34-63
JEUNE AIMEE DE CAVERNE	O	POMONE	100	0	7	4	97	HCA34-62
JEUNE ANNETTE	FAUGUEUX	SUVAROW	280	0	26	3	1	HCA34-63
JEUNE ARSENNE	PALFRAY	HIND CUTTER	200	0	4	3	96	HCA34-61
JEUNE CAROLINE	LANGLOIS	ANTELOPE CUTTER	290	20	14	11	96	HCA34-61
JEUNE CHARLOTTE	DUJARDINE	HIND	200	0	16	4	93	HCA34-61
JEUNE EMILIE	BEDEL	TRITON	290	43	29	3	97	HCA34-62
JEUNE EULALIE	DUBOIS	LIVELY	110	0	4	9	93	HCA34-61
JEUNE GERMAINE	DUPRAY	HIND	200	33	8	3	93	HCA34-61
JEUNE IPHIGENEE	TOURNELLE	ORPHEUS FRIGATE	290	0	20	9	93	HCA34-61
JEUNE MARGUERITE	BOUCHET	ALLIGATOR	320	0	16	8	93	HCA34-61
JEUNE MARIE	EVERAERT	SLOOP	80	37	16	4	93	HCA34-61
JEUNE POLONNAISE	LE TELLIER	MARS	280	0	3	9	93	HCA34-61
JEUNE REINE	ANDONAN	DISPATCH PR	280	0	17	1	99	HCA34-63
JEUNE THEODORE	CHEVALAURE	TRITON	280	0	23	10	1	HCA34-63
JEUNE ZELIA	VIGNE	ADAM PRIVATEER	110	0	25	4	99	HCA34-63
JOSEPH	TURPIN	SOUTHAMPTON	70	0	2	6	96	HCA34-61
JOSEPHINE	FROMENT	SUFFISANTE	280	20	24	4	0	HCA34-63
JULIE	GAUBREAU	SHANNON	60	80	17	8	98	HCA34-62
JULIE	O	STORK SLOOP	280	0	14	8	1	HCA34-60
JULIE CAROLINE	O	EAGLE PRIVATEER	140	0	3	5	98	HCA34-62
JULIE CHERIE	CAUDIN	LORD STANLEY	190	0	6	6	93	HCA34-61
JULIE MARIE	LE SAUX	VULTURE PR	140	0	26	2	98	HCA34-62
JUPITER	NOSTEN	LEDA	280	55	24	6	1	HCA34-63
JUPITER	PELLET	CRUISER	370	39	19	6	98	HCA34-62
JUSTE	BLAVET	HOWES FLEET	298	77	15	7	94	HCA34-61
JUSTE	CHARLET	AMELIA	280	70	31	3	1	HCA34-63
JUSTE	ETIENNE	TRIUMPH	290	0	29	7	95	HCA34-61
JUSTINE	LAHURE	PILOTE	380	16	13	7	97	HCA34-62
KHUITER	BABLOT	FLORA	180	88	31	10	99	HCA34-63
LA PAZ	DE LOPASTIGIN	HARM PRIVATEER	110	0	19	7	99	HCA34-63
LABORIEUX	LE CORNU	AIMABLE	290	26	28	5	93	HCA34-61
LABOUREUR	LUSSEUX	EAGLE	140	0	2	11	98	HCA34-60
LAELNIMA SOLA	OLVEYRA	NETLY	180	28	31	3	1	HCA34-63
LAWRE	LE MAITRE	IMMORTALITE	280	68	7	6	1	HCA34-63
LEGER	CARPENTIER	APOLLO	281	68	12	8	96	HCA34-61
LEGER	DESBROSSES	PHAETON	281	38	7	4	98	HCA34-62
LEGERE	ALLEMS	NAUTILUS SLOOP	170	57	19	6	98	HCA34-62
LEGERE	DALBARAD	NETLEY	470	40	2	10	0	HCA34-63
LEGERE	LALLENARD	IRIS	370	0	16	2	99	HCA34-63
LEGERE	MALLEUX	FLORA	180	44	30	8	99	HCA34-63
LEMERE	O	CANADA	280	0	24	4	98	HCA34-62
LEO	LE PORT	RAISONABLE	280	41	4	11	96	HCA34-61
LEVRIER	ALLAIN	PHAETON	280	73	9	11	98	HCA34-62
LEVRIER	LATASTE	MINERVE	180	0	18	3	0	HCA34-63
LIBERTE	DORP	GRIFFIN CUTTER	370	18	17	3	97	HCA34-62
LIBERTE	JPR	GREYHOUND CUTTER	360	18	13	6	97	HCA34-62
LIBERTE	LE BAGHOUSE	GALATEA	100	0	21	4	95	HCA34-61
LIBERTE	LE REDDE	HIND FRIGATE	290	27	15	6	93	HCA34-61
LOIRE	LEGEND	ANSON	286	24	13	12	98	HCA34-62
LOUIS MARIE	HERVICHON	VULTURE PR	140	0	19	10	97	HCA34-62
LOURIS	O	BADGER GUN BOAT	290	0	11	5	97	HCA34-62
LUCELLE	O	DIAMOND	110	0	21	7	95	HCA34-61
LUINOLA	LE BLANC	ACTIVE	290	48	24	3	1	HCA34-63
MACAQUES	GALBASSET	COMUS	140	0	2	10	1	HCA34-63
MAGICIEN	ARDOUIN	CLYDE	280	0	28	11	0	HCA34-63
MALAISEE	GRANGER	SWAN CUTTER	280	29	26	6	93	HCA34-61
MALOUIN	DURUBLE	BRILLIANT	110	25	15	6	93	HCA34-63
MALOUINE	AILLET	AMELIA	280	0	1	11	99	HCA34-63
MARANDER	DE LATRE	ARGUS CUTTER	440	18	14	10	96	HCA34-61
MARENGO	VREGNAND	LONDON	297	42	11	6	6	HCA34-64
MARGOFF GEORGE	MOUSTEY	THETIS FRIGATE	200	0	20	9	93	HCA34-61
MARGUERITE	CARTIER	TELEMACHUS CR	290	39	3	9	96	HCA34-61
MARGUERITTE	LE GALE	MARLBOROUGH	280	0	18	12	0	HCA34-63
MARIA THERESA	LA VARSIN	DOLLY CUTTER	100	0	24	2	97	HCA34-62
MARIE	O	WARRENS SQUAD	100	0	13	5	96	HCA34-61
MARIE	PIED	JASON FRIGATE	280	72	22	1	98	HCA34-62
MARIE	RENAUD	PENELOPE CR	280	24	10	1	98	HCA34-62
MARIE	ROGER	KINGFISHER	510	11	29	7	96	HCA34-61
MARIE AGATHA	JOYAN	JUNO	290	0	28	5	93	HCA34-61
MARIE ANGE	LE GUENEC	PLYMOUTH	140	0	5	3	99	HCA34-63
MARIE ANGELIQUE	JOUSSEUMEL	CYNTHIA RR	110	0	28	10	1	HCA34-63
MARIE ANNE	BENARD	DOVER CUTTER	280	29	2	12	96	HCA34-61
MARIE ANNE	DESHAILLES	AURORA FRIGATE	180	90	10	1	98	HCA34-62
MARIE ANNE	HENRY	JERSEY	400	0	0	0	2	HCA34-60
MARIE ANNE	LALA	TOWNSEND	140	0	14	6	99	HCA34-63
MARIE ANNE THERESE	O	CANADA	280	0	24	4	98	HCA34-62
MARIE ANTOINETTE	SAVON	DIADEM	160	0	21	1	96	HCA34-61
MARIE CATHERINE	MASSON	SANS PAREIL	290	0	24	4	98	HCA34-62
MARIE FRANCOIS FIDELLE	FRUOZ	ARTOIS	100	0	11	6	95	HCA34-61
MARIE FRANCOISE	GOUZER	SPRIGHTLY	110	0	26	6	93	HCA34-61
MARIE FRANCOISE	MOIZON	WARRENS SQ	280	0	31	7	0	HCA34-63
MARIE FRANCOISE	THOMELIN	VULTURE PR	140	0	19	9	97	HCA34-62
MARIE JEANNE	MACE	LOTTERY	140	0	2	10	0	HCA34-63
MARIE JEANNE DE PLOUGHA	LOREAUX	DESPATCH	110	0	17	7	0	HCA34-63
MARIE JOSEPH	BERNARD	ENTERPRIZE PR	140	0	13	9	97	HCA34-63
MARIE JOSEPH	LAURENT	ACTIVE	140	0	15	6	93	HCA34-63
MARIE JOSEPH	LEBADE	DESPATCH	190	0	24	10	99	HCA34-63
MARIE JUSTINE	DAGAY	WARRENS SQ	400	0	13	5	96	HCA34-61
MARIE LOUISE	LE DREVES	HEBE	140	0	4	11	95	HCA34-61
MARIE LOUISE	LE GLANANCE	CONWAY PR	280	0	3	5	98	HCA34-62
MARIE PERINE	MORAN	ALLIGATOR	320	0	16	8	93	HCA34-61
MARIE PEROTTE	THEBAUT	PHAETON FRIGATE	280	0	17	8	98	HCA34-62
MARIE THERESE	GUILLAUME	PILOT SLOOP	140	0	21	4	95	HCA34-61
MARIE VINCENT	LE FLOCK	CYNTHIA PR	110	0	17	7	0	HCA34-63
MARS	ABAUTRET	DRYAD	62	22	28	3	98	HCA34-62
MARS	ETIENNE	AMETHYST	281	60	22	5	0	HCA34-63
MARSOUIN	DEIPNER	ASTREA	200	58	24	5	99	HCA34-63
MASCARADE	GAUTHIER	LA FORTUNEE	290	39	12	5	1	HCA34-63
MASSENA	ATTIANASE	PLOVER	80	34	24	4	0	HCA34-63
MAUDREN	LECOLIER	HIND CUTTER	520	26	30	5	97	HCA34-62
MEDEE	DUFOUR	PHOENIX	140	0	2	10	0	HCA34-63
MELANIE	DUROCHER	RATTLESNAKE	40	68	2	4	97	HCA34-62
MELPOMENE	O	HOODS FLEET	70	0	22	12	97	HCA34-62
MERCURE	REGAL	PHAETON	281	33	2	10	98	HCA34-62
MERCURIE	FROMY	MELAMPUS	60	74	18	4	99	HCA34-63
MERVEILLEUSE	LEFEBURE	WRIGHT ARMED SH	530	14	19	6	98	HCA34-62
MIGNIONE	O	HOODS FLEET	70	0	22	12	97	HCA34-62
MILAN	ROGER	BOADICIA	280	42	4	4	99	HCA34-63
MINERVA	DE LORME	DIDO	253	18	13	12	98	HCA34-62
MINERVE	DAGUENET	INDEFATIGABLE	100	66	13	2	99	HCA34-63
MINERVE	MARCHAND	ST FIORENZO FR	280	0	22	1	98	HCA34-62
MINERVE	MARQUIS	AIGLE FRIGATE	180	88	3	5	98	HCA34-62
MINERVE	MERNOL	CONCORDE	100	0	21	4	95	HCA34-61
MODERERE	TESTARD	NILE	380	39	17	2	0	HCA34-63
MODESTE	COUOLIS	NYMPH	280	0	4	4	0	HCA34-63
MODESTE	GOSSELIN	DISPATCH	110	0	22	11	99	HCA34-63
MOLIERE	ALANIE	SUCCESS PR	140	0	3	9	1	HCA34-63
MONT BLANC	LE BAIL	VIPER	280	0	24	3	1	HCA34-63
MONT BLANC	VILLEGRIS	STRACHANS SQ	287	86	4	11	5	HCA34-60
MORGAN	WHITNEY	SUFFISANTE	280	54	29	7	96	HCA34-61
MOUCHE	HERON	DIANA FRIGATE	61	72	27	1	98	HCA34-62
MOUCHE	PINSAN	MINERVE	181	45	28	3	0	HCA34-63
MOUCHERON	PUGOL	REVOLUTIONAIRE	61	25	16	4	1	HCA34-63
MUSETTE	DESBROUER	HAZARD	61	26	23	2	97	HCA34-62
MUSETTE	HAVIERE	DOLPHIN CUTTER	90	36	13	7	97	HCA34-62
NANCY	PERIGAUD	PRINCE WM PR	140	0	5	7	98	HCA34-62
NANINE SOPHIE	MOISSEAU	LOWESTOFT	160	0	2	10	94	HCA34-61
NANTAIS	ROZIER	MELAMPUS	341	30	28	3	0	HCA34-63
NARCISSE	BALIDIER	AURORA FRIGATE	370	56	4	9	94	HCA34-61
NECKAR	WHIPPY	BUSTLER	450	0	6	11	93	HCA34-61
NEPTUNE	ETIENNE	AURORA	180	66	13	6	97	HCA34-62
NEPTUNE	LE CAMUS	HAZARD	63	22	1	2	99	HCA34-63
NEPTUNE	LE MAUCHARD	MAYFLOWER PR	110	0	27	2	0	HCA34-63
NEPTUNE	O	TARTAR PR	140	0	4	4	99	HCA34-63
NEPTUNE	TRAVERS	DIANA	60	54	14	11	97	HCA34-62
NEREIDE	CANON	PHOEBE	283	30	27	1	98	HCA34-62
NINA	ETIENNE	RESOLUTION PR	110	0	13	6	98	HCA34-62
NOISSON	HEDDE	STAG	380	42	22	5	1	HCA34-63
NORTHUMBERLAND	ETIENNE	HOWES FLEET	297	0	15	7	94	HCA34-61
NOUVELLE EUGENIE	BOULLETON	INDEFATIGABLE	400	0	30	6	97	HCA34-60
NOUVELLE UNION	ROBIEN	CONCORD	100	0	7	5	96	HCA34-61
O	LA ROX	ANSON	100	0	15	9	97	HCA34-62
O	MOREAU	ANSON	100	0	15	9	97	HCA34-62
O	O	ARTOIS	100	0	23	2	97	HCA34-62
O	O	CANADA	280	0	21	5	98	HCA34-62
O	O	CHANCES PR	140	0	19	6	98	HCA34-62
O	O	COMUS	140	0	10	11	1	HCA34-63
O	O	EAGLE PRIVATEER	140	0	27	6	99	HCA34-63
O	O	FLINT PRIVATEER	140	0	2	7	99	HCA34-63
O	O	HAWKE	110	0	2	10	1	HCA34-63
O	O	HAZARD	140	0	17	8	98	HCA34-62
O	O	HIRONDELLE	100	0	2	10	1	HCA34-63
O	O	JASON FRIGATE	100	0	4	11	97	HCA34-62
O	O	POMONA	100	0	4	11	97	HCA34-62
O	O	TARTAR	140	0	22	10	99	HCA34-63
O	O	WARRENS SQ	100	0	13	5	96	HCA34-61
O	O	ZEPHIR PR	140	0	17	8	98	HCA34-62
OCEAN	CELO	MARIA PRIVATEER	110	0	27	3	1	HCA34-63
OISEAU	LE BRETON	PENGUIN	60	70	7	10	97	HCA34-62
OISEAU	MAHE	WARRENS SQ	280	0	31	7	0	HCA34-63
OLYMPIADE	PUER	AIGLE PRIVATEER	190	0	22	11	99	HCA34-63
OPTIMISTE	CORENIVINDER	FAVOURITE	370	36	28	4	1	HCA34-63
ORMONTAIRE	REAUT	DIAMOND FRIGATE	100	0	21	4	95	HCA34-61
ORRELI LOS TRES AMIGOS	MARQUIS	NETLY	470	51	31	3	1	HCA34-63
OUTARDE	LE POMELEE	TISIPHONE	280	0	16	4	93	HCA34-61
PACQUEBOT DE CAYENNE	MILTE	ARTOIS FRIGATE	100	0	21	4	95	HCA34-61
PALLAS	EPRAM	LOIRE	283	67	4	4	0	HCA34-63
PALME	PERRE	JUNO FRIGATE	290	56	25	4	93	HCA34-61
PALOUSE	PLUMBETT	VESTAL	131	1	21	6	97	HCA34-62
PAMONA	PEVRIEN	ARETHUSA FR	293	41	29	5	94	HCA34-61
PANDORA	O	CAROLINE	401	18	5	2	96	HCA34-61
PAPILLION	LE FRANCOIS	DOLPHIN CUTTER	540	29	15	9	97	HCA34-62
PAPILLON	LE VEILLE	MELAMPUS	61	22	31	5	99	HCA34-60
PATRIOT	DUPONT	SUFFISANTE SL	280	18	8	7	96	HCA34-61
PATRIOTE	ARRON	CHILDERS SLOOP	90	24	16	4	93	HCA34-61
PAUL EDWARD	O	WARRENS SQ	100	0	24	5	96	HCA34-61
PAULINE	COULONGE	PHOENIX FRIGATE	290	0	1	8	93	HCA34-61
PAVILLON NATIONAL	KOUSSE	MARY	400	0	28	5	93	HCA34-61
PECHEUR	VIANSON	DAPHNE LUGGER	140	11	2	10	95	HCA34-61
PEGASE	CASSY	MERCURY	450	65	27	3	0	HCA34-63
PENSE	SALVATET	RACCOON SLOOP	380	30	26	2	98	HCA34-62
PERKIN	PEIREAU	ANN	190	77	8	5	93	HCA34-61
PERSEVERANT	DE LATTRE	CRUIZER	370	47	8	5	0	HCA34-63
PETIT CHASSEUR	ANTHONARE	WEAZLE	290	0	5	2	1	HCA34-60
PETIT CHASSEUR	MORECOURT	STAG CUTTER	90	19	21	6	96	HCA34-61
PETIT CHERI	POIREAU	PHAETON	340	22	4	11	97	HCA34-62
PETIT DIABLE	COUTEAUX	SWALLOW CUTTER	410	14	27	9	96	HCA34-61
PETIT JEAN	LAGADIE	LA POMONA	100	0	21	4	95	HCA34-60
PETIT MIGNONE	LE DEUFT	MARIA PRIVATEER	280	0	2	10	0	HCA34-63
PETIT NEPTUNE	O	STRACHANS SQ	290	0	24	6	95	HCA34-61
PETIT PEROU	DE LATTRE	REPULSE	90	35	5	2	96	HCA34-61
PETIT PIRATE	SEPTAN	GREYHOUND CUTTER	360	24	14	8	1	HCA34-60
PETITE HELENE	DESGANDS	SUFFISANTE	280	31	27	5	97	HCA34-62
PETITE THERESE DU CONQ	MORIN	VULTURE DR	140	0	3	3	97	HCA34-62
PETITE VICTOIRE	DE LATTRE	CERES	290	38	4	9	93	HCA34-61
PETRONELLE	LEGARET	STRACHANS SQ	140	0	16	12	95	HCA34-61
PHOENIX	ETASSE	SYLPH	100	14	2	12	96	HCA34-61
PICHEGRU	BRAUZON	RESOLUTION	290	39	5	7	97	HCA34-62
PICHEGRU	COLBOE	RATTLER	290	36	2	6	96	HCA34-61
PIERRE	ROUGET	ARTOIS	100	0	9	4	95	HCA34-61
PIERRE ET MARIE	O	GRAND FALCON TR	290	0	1	1	97	HCA34-62
POISSON VOLANT	CLOUPET	LIVELY CUTTER	90	25	13	7	97	HCA34-62
POISSON VOLANT	LAUTONNE	TRENT FRIGATE	370	45	7	9	98	HCA34-62
PONT DE LODX	ROUSEE	CAMBRIA	101	2	1	6	98	HCA34-62
POSTILION DE DEMOURIER	BUNKER	BRILLIANT FR	200	53	4	3	93	HCA34-61
PREFECT DE LA MANCHE	FRAUMENT	SHEERNESS	280	20	20	6	1	HCA34-63
PREMIER CONSUL	PERIOU	DRYAD	61	40	16	4	1	HCA34-63
PRENDS GARDE A LUI	HELOURY	DOVER CUTTER	100	28	11	5	97	HCA34-62
PRENDS TOUT	LE MUD	ALLIGATOR	80	23	16	4	93	HCA34-61
PRODIGE	VAUDEZANDE	ESPEIGLE	370	87	22	9	97	HCA34-62
PROMPTE	MAGNAC	PHAETON FR	291	64	1	8	93	HCA34-61
PROSERPINE	PERRIEU	DRYAD	283	46	19	7	96	HCA34-61
PROSPERE	LEVASSEUR	TISIPHONE	370	73	7	9	97	HCA34-62
PROTHEE	DIBIEDER	NILE	280	0	10	1	0	HCA34-62
PROVIDENCE	BRIZARD	ALLIGATOR	140	0	12	7	93	HCA34-61
PROVIDENCE	CELLO	INDEFATIGABLE	100	0	7	5	96	HCA34-61
PROVIDENCE	DUGNE	DOVER CUTTER	550	28	27	1	97	HCA34-62
PROVIDENCE	TABARE	ENTERPRISE	140	0	14	3	94	HCA34-61
PRUDENT	MAURICE	HIND CUTTER	100	37	13	6	97	HCA34-62
QUATRES AMIS	TONGUY	KINGFISHER	560	0	24	6	96	HCA34-61
QUATRES FRERES	O	KENT	80	23	28	1	0	HCA34-63
QUATRES MARIES	RENIER	AMAZON	100	0	7	5	96	HCA34-61
RAILLEUR	TAUPIER	ANSON	281	59	22	1	98	HCA34-62
RANAINE	POUPEVILLE	PIGMY	290	11	16	2	99	HCA34-63
RANCUNE	NAGUELLE	DIAMOND	280	63	28	11	0	HCA34-63
RANGE	DUPUY	GALATEA FRIGATE	60	23	22	1	98	HCA34-62
RAYON	GOSSELIN	MELAMPUS FR	100	54	14	11	97	HCA34-62
RECOVERY	TIERCE	TRITON	290	35	29	3	97	HCA34-62
REDOUTABLE	BAVIAILLIER	SUCCESS	220	35	31	3	1	HCA34-63
REGENERATION	CADION	CONCORDE FR	140	0	29	4	95	HCA34-61
REINE DE GOLCONDE	GUIOT	EDGAR	290	0	25	4	93	HCA34-61
RENARD	FOURMENTON	NEMESIS	80	50	10	3	0	HCA34-63
RENARD	HAMELIN	NILE LUGGER	80	0	5	2	1	HCA34-60
RENARD	LEAU	CERBERUS	61	49	22	1	98	HCA34-62
RENARD	NIGUET	FORTUNEE	290	22	20	6	1	HCA34-63
RENOMEE	DE LATTRE	ASTREA	200	54	16	11	98	HCA34-60
REPUBLICAIN	BEMORD	BELLEREPHON	400	0	29	7	95	HCA34-61
REPUBLICAIN	CAVE	CARMILLA	290	20	28	3	0	HCA34-63
REPUBLICAIN	CHEVALIER	SPRIGHTLY	110	25	15	6	93	HCA34-61
REPUBLIQUE FRANCAISE	DE LANGRUNE	FLORA FRIGATE	290	35	4	5	93	HCA34-61
REQUIN	AGARRET	AIGLE	360	52	27	1	97	HCA34-62
REQUIN	LANCHON	LION CUTTER	80	20	27	5	97	HCA34-62
REQUIN	O	THALIA	290	0	14	7	95	HCA34-61
REQUIN	ROGNOU	TELEMACHUS CR	290	23	27	9	96	HCA34-61
REQUIN	THIE	BOUDICIA	340	67	31	5	99	HCA34-60
RESISTANCE	ATELAGNE	ST FIORENZO	283	70	3	5	97	HCA34-62
RESOLU	COUPARD	SPITFIRE	280	65	31	5	99	HCA34-63
RESOLU	DUPONT	PHAETON	450	54	22	1	99	HCA34-63
RESOLUE	BARGEAU	MELAMPUS	285	3	20	12	98	HCA34-62
RESOLUE	O	AGAMEMNON	160	96	21	1	96	HCA34-61
RESOURSE	DESPEROUX	PHAETON	280	64	13	2	99	HCA34-63
RESSOURCE	CARAES	ST FIORENZO FR	280	10	27	5	98	HCA34-62
REUSSITE	DREAN	REVENGE	140	0	25	10	99	HCA34-63
REVANCHE	CARRY	REVOLUTIONAIRE	100	66	14	11	96	HCA34-61
REVANCHE	COOPER	MELPOMONE	281	74	12	8	96	HCA34-61
REVANCHE	DRAVEMAN	SUFFISANTE	280	86	29	6	96	HCA34-61
REVANCHE	HEDDE	MARSHAL DE COB	340	56	7	4	98	HCA34-62
REVANCHE	HERIAT	URANIA	280	80	2	10	0	HCA34-63
REVANCHE	L AMET	CAMBRIAN	281	28	13	12	98	HCA34-62
REVANCHE	MAHAN	RESOLUTION LR	400	34	22	9	97	HCA34-63
REVANCHE	MICHEL	ENDYMION	60	85	31	7	98	HCA34-62
REVENGE	O	RESISTANCE	212	20	13	5	96	HCA34-61
REVOLUTION	ARGER	REGULATOR	140	0	31	5	94	HCA34-61
REVOLUTION	MORDEILLE	DIDO FRIGATE	160	0	9	4	95	HCA34-61
RISQUE A TOUT	NEIL	DOLPHIN CUTTER	290	16	28	11	0	HCA34-60
ROBERT	MOREAU	SYREN	280	96	5	8	93	HCA34-61
ROBUSTE	GANTAUN	JASON	101	33	24	5	96	HCA34-61
ROSALIE	DIEU	WARRENS SQ	280	0	31	7	0	HCA34-63
ROSALIE	FESTO	DIADEM	160	0	21	1	96	HCA34-61
ROSALIE	LE CERF	WARRENS SQ	280	0	31	7	0	HCA34-63
RUSE	AUDIBERT	KITE	400	49	30	8	99	HCA34-60
RUSE	DESPARNET	TRITON	280	41	1	2	99	HCA34-63
SAINTE ANNE	CAUZIE	DOLPHIN LUGGER	140	0	9	7	93	HCA34-61
SAINTE ANNE	GUELLER	CHARLOTTE	140	0	15	5	93	HCA34-61
SAINTE ANNE	HERNON	ALLIGATOR	320	0	16	8	93	HCA34-61
SAINTE ANNE	JACOB	HARLEQUIN PR	140	0	19	6	98	HCA34-62
SAINTE ANNE	KENOR	WILLIAM PITT CR	280	0	13	6	97	HCA34-62
SAINTE ANNE	MAHE	DOLPHIN CUTTER	490	0	3	10	97	HCA34-62
SAINTE ANNE	MARIE	JASON FRIGATE	100	0	12	12	97	HCA34-62
SAINTE CLAIRE	LE DOUVAIN	WARRENS SQ	280	0	31	7	0	HCA34-63
SAINTE FAMILLE	LE SANT	SYLPH	100	0	1	6	98	HCA34-62
SAINTE MARGUERITE	TREUSCAT	SPITFIRE SLOOP	290	0	16	4	93	HCA34-61
SAINTE MARIANNE	LE COORE	LOTTERY PR	360	0	23	5	93	HCA34-61
SAINTE VERONIQUE	THOMAS	WARRENS SQ	100	0	27	9	96	HCA34-61
SANS CULOTTE	BACQUELIN	LIZARD FRIGATE	370	43	16	4	93	HCA34-61
SANS CULOTTE	LE FREYTE	SCOURGE	280	81	16	4	93	HCA34-61
SANS CULOTTE	LONG	ROSE CUTTER	290	34	23	8	93	HCA34-61
SANS CULOTTE	TAHE	NYMPH FRIGATE	100	54	1	8	93	HCA34-61
SANS DUARTIER	LEHAPPY	DANCE	400	59	17	5	99	HCA34-63
SANS PAREIL	COURAND	HOWES FLEET	298	14	15	7	94	HCA34-61
SANS PAREIL	DOREZ	FERRIER BRIG	290	21	19	6	98	HCA34-62
SANS PAREIL	LABORDE	BRILLIANT PR	100	0	4	9	93	HCA34-61
SANS PEUR	BAUDET	SYREN	110	18	17	3	97	HCA34-62
SANS PEUR	CHAUMONT	ALLIGATOR	80	38	16	4	93	HCA34-61
SANS PEUR	EUDES	SPIDER	280	22	6	3	93	HCA32-832
SANS SOUCI	GAYOZOT	TELEMACHUS CR	280	27	19	6	98	HCA34-62
SANTA ANNA	DROUART	EAGLE PRIVATEER	140	0	21	3	98	HCA34-62
SANTA ISABEL	GOUTABEVIA	LORD ST VINCENT	100	24	4	7	0	HCA34-63
SCIPION	BERRINGER	STRACHANS SQ	287	0	4	11	95	HCA34-60
SCIPION FRANCAIS	DUPUY	ENDYMION	291	40	13	6	0	HCA34-63
SEPT FRERES	FERAY	ARROW	290	0	8	6	97	HCA32-845
SIMON	BOULANGER	ALCMENE	280	0	10	13	0	HCA34-63
SIRENE	MOULANGER	NAUTILUS	130	29	7	9	97	HCA34-62
SOCIETE PATRIOTE	PICARD	AMELIA	580	0	7	4	98	HCA34-62
SOLIDE MICHEL	JEFFIN	BADGER GUN BOAT	290	0	12	11	97	HCA32-846-1
SOPHIE	ACHEVIS	CRESCENT FR	400	0	4	3	93	HCA34-61
SOPHIE	MARIAN	KANGAROO	490	40	15	5	97	HCA34-62
SOPHIE	O	ROYALIST LR	140	0	19	1	97	HCA32-844-2
SOPHIE	REANT	ENDYMION	281	9	2	10	98	HCA34-62
SOPHIE	ROGERIE	TELEMACHUS CR	290	20	19	6	98	HCA34-62
SOPHIE	THIERY	TELEMACHUS	290	0	19	3	98	HCA32-847
SOUFFLEUR	QUOINAM	CHAMELION	290	12	19	6	98	HCA34-62
SPHINX	LALLEMAND	EURIDICE	90	26	23	2	97	HCA34-62
ST ANDRE	JUBEL	SEA FLOWER BRIG	280	0	21	1	97	HCA34-62
ST BERNARD	ROQUILLET	STAG	140	0	20	11	93	HCA34-61
ST CHRISTOPHE	TOUFFET	BRILLIANT	110	0	13	11	93	HCA34-61
ST CLAUDE	JUHEL	ALLIGATOR CR	140	0	3	2	94	HCA34-61
ST CORNEILLE	ROUSSEL	ALLIGATOR CR	320	0	21	1	94	HCA34-61
ST FRANCOIS	LUERNEAU	ANSON	280	0	27	2	0	HCA34-63
ST JACQUES	DELAMARE	DIANA	290	0	7	6	97	HCA32-845
ST JACQUES	DRAIN	AGENORIA	110	0	16	8	93	HCA34-61
ST JACQUES	LOUBARD	TRITON	280	16	6	11	99	HCA34-63
ST JEAN	TOURMENTE	SPITFIRE	280	0	16	4	93	HCA34-61
ST JEAN BAPTISTE	AUTRAN	COURAGEUX	160	0	6	8	94	HCA32-839
ST JEAN BAPTISTE	BUCHERON	VULTURE DR	140	0	21	6	97	HCA34-62
ST JEAN BAPTISTE	ROLLAND	DOLLY CUTTER	100	0	15	9	97	HCA34-62
ST JEAN BONAVENTURE	PHILIE	BRILLIANT	290	0	6	1	94	HCA32-837
ST JEAN DE LONE	VOISIN	SURPRISE	200	0	12	12	93	HCA34-60
ST JEAN MARIE	EVENO	DOLPHIN LUGGER	140	0	16	8	93	HCA34-61
ST JOSEPH	GUILLOT	CLYDE	280	0	24	5	99	HCA34-63
ST JOSEPH	JARIS	MAYFLOWER	570	0	22	11	99	HCA34-63
ST MATHIEU	PERVIAN	TOWNSEND	140	0	25	7	99	HCA34-63
ST MICHEL	MILLOT	ALLIGATOR	140	0	21	1	94	HCA34-61
ST PIERRE	CIRE	BRILLIANT	290	0	13	6	93	HCA32-837
ST PIERRE	DUMONTIER	BRILLIANT	110	0	13	11	93	HCA34-61
ST PIERRE	GUITTOT	O	140	0	6	7	92	HCA32-835
ST PIERRE	PERISSOT	JUNO	160	0	30	4	93	HCA32-838
ST PIERRE	VICQUELIN	FEY CUTTER	290	0	20	10	97	HCA34-62
ST RENE	BRIAND	VULTURE PR	140	0	6	10	97	HCA32-846-1
ST RENE	MEURLAY	SYLPH SLOOP	100	0	17	7	97	HCA32-846-2
ST ROMAIN	DUVAL	DUDGEON	190	0	23	5	93	HCA34-61
ST VINCENT	LE PORT	PETTER	290	0	4	11	95	HCA34-61
STE ANNE	LE BRAS	CHARLOTTE	140	0	15	5	93	HCA34-61
SUBTIL	SAVAGE	HELENA	90	21	14	10	96	HCA34-61
SUCCES	BELLIARD	CLYDE FRIGATE	280	56	27	1	98	HCA34-62
SUCCES	DERVAUX	TELEMACHUS CR	290	40	31	7	97	HCA34-62
SUCCES	ECOLIER	ST FIORENZO	280	27	13	2	99	HCA34-63
SUCCES	MATHIEU	ATALANTE	90	47	28	1	0	HCA34-63
SUFFISANTE	NORTEN	MARS	200	0	2	10	95	HCA34-61
SULTANA	GOUY	WARRENS SQ	100	0	27	4	96	HCA34-61
SULTANA FAVORITE	BERNARD	CONCORD	100	0	13	5	96	HCA34-61
SUPERBE	FREMONT	HIND	200	0	15	4	93	HCA32-845
SUPREME	ROUILLAND	O	400	29	18	5	93	HCA32-835
SURPRIZE	BARBIER	BRAVE	31	2	2	10	0	HCA34-63
SURPRIZE	LEGREAND	ORPHEUS FR	590	0	20	9	93	HCA34-61
SURVEILLANT	VIDEAU	ALCMENE	61	57	3	5	97	HCA34-62
TARTARE	LE CONTE	CLEOPATRA	100	57	31	7	98	HCA34-62
TARTARE	O	GREYHOUND	290	61	17	3	97	HCA34-62
TARTU	MAJENDIE	POLYPHEMUS	63	20	24	2	97	HCA34-62
TELE	SATIVIN	MELPOMENE	280	66	4	4	99	HCA34-63
TELEGRAPH	GUILLEMIN	KANGAROO	60	75	24	4	0	HCA34-63
TELEMARQUE	YOU	SPEEDWELL LR	280	35	12	12	97	HCA34-62
TEMERAIRE	CUGNEAU	INDEFATIGABLE	100	0	5	5	95	HCA34-61
TEMERAIRE	DUBOIS	DASHER	280	0	16	7	1	HCA34-63
TERRIBLE	LACAM	HAZARD	61	6	27	9	96	HCA34-61
TERRIBLE	LUCEA	ROSE CUTTER	70	29	2	6	96	HCA34-61
TERRIBLE	TRAVERSE	PENGUIN	60	21	11	8	97	HCA34-62
THAMISE	FRADEN	STA MARGARETTA	293	6	20	7	96	HCA34-61
THEMISTOCLE	BEGOUSEAUX	DISPATCH	110	0	31	1	0	HCA34-63
THERESE DE SAINT MALO	ROUX	LOTTERY PR	140	0	26	2	98	HCA34-62
THETIS	PINSEN	AMETHYST	284	25	16	12	8	HCA34-65
TIERCELET	MARTIN	MAGNANIME	60	68	22	9	97	HCA34-62
TIGER	REDOUT	BRIDPORTS SQ	297	26	7	9	95	HCA34-61
TIGRE	AGARRAL	NAIAD	280	39	2	10	98	HCA34-62
TIGRE	BEYMUSSET	MELPOMENE	280	86	8	1	99	HCA34-63
TREMPEUSE	LE BILLER	IPHIGENIE	281	1	21	2	94	HCA34-61
TRIBUNE	MOULSON	UNICORN	293	39	22	7	96	HCA34-61
TRITON	LEQUE	MELPOMONE	280	71	22	3	98	HCA34-62
TRITON	O	MINERVA	160	0	2	11	98	HCA34-62
TRITON	PERRET	MAGNANIME	61	63	7	9	97	HCA34-62
TROIS AMIS	GOUTIER	LIZARD FRIGATE	440	25	25	4	93	HCA34-61
TROIS AMIS	MACE	VULTURE PR	140	0	10	1	98	HCA34-62
TROIS COULEURS	BOURDAIN	VICTORIEUSE	340	33	27	1	1	HCA34-60
TROIS COULEURS	NAZARAU	PHOEBE	100	69	21	7	96	HCA34-61
TROIS ELIZABETH	LAFFON	MARQUIS OF TOURS	140	0	2	10	1	HCA34-63
TROIS FRERES	DE SAUNIEZ	GRAND FALCONER	290	0	13	6	97	HCA34-62
TROIS FRERES	RATOUIT	ALARM	110	0	2	12	0	HCA34-63
TROIS JEUNES AMIS	DIGART	HIRONDELLE	280	0	23	10	1	HCA34-63
TROIS SOEURS	GOTHIER	MERCURY	180	83	3	5	98	HCA34-62
TROIS SOEURS	JEZEGABEL	SPRIGHTLY	110	0	28	6	93	HCA34-61
TROIS SOEURS	LOGET	TRITON	100	0	4	11	97	HCA34-62
TROMPEUR	FRIGOULT	FLY SLOOP	290	12	28	11	0	HCA34-60
TROMPEUR	FROMEN	SPITFIRE	280	38	13	6	97	HCA34-62
TUROT	TUROT	LION CUTTER	120	25	14	10	96	HCA34-61
UNI	HODOUL	ARROGANT	210	13	22	5	1	HCA34-63
UNION	NEEL	CHARLOTTE	140	0	1	8	93	HCA34-61
UNION	O	WARRENS SQ	100	0	13	5	96	HCA34-61
UNION	PRAT	VULTURE	510	0	22	5	95	HCA34-61
UNION	ROUY	RESOLUTION	110	0	12	7	93	HCA34-61
UNITE	DURAND	REVOLUTIONAIRE	292	55	6	6	96	HCA34-61
UNITE	ROBERT	ST FIORENZO	290	58	13	6	97	HCA34-62
UNITE	THIBAUT	REVENGE PR	140	0	7	10	99	HCA34-63
URSULE	NEROS	UNICORN	280	0	17	2	0	HCA34-63
UTILE	LE ANGLAIS	BOADICIA	291	0	10	5	99	HCA34-63
VA TOUT	MAHE	IMPETUEUX	290	29	11	5	97	HCA34-62
VAILLANT	VERNIER	AMETHYST	281	34	8	4	0	HCA34-63
VAILLANT CUSTINE	TACH	LIZARD	370	32	16	4	93	HCA34-61
VAILLANTE	LA PORTE	INDEFATIGABLE	282	11	12	9	98	HCA34-62
VAINQUEUR	ROUX	ANSON	280	0	13	6	0	HCA34-63
VALEUR	COWEL	LORD HAWKE PR	280	42	9	11	98	HCA34-62
VAUTOUR	BORACH	DRYAD	60	78	2	12	96	HCA34-61
VENGEANCE	GRANDIDIER	NEREIDE	281	74	8	4	0	HCA34-63
VENGEANCE	L EVEILLE	MINERVE	181	31	31	7	0	HCA34-63
VENGEANCE	SAILLARD	GANNET	380	43	12	5	1	HCA34-63
VENGEUR	AUDINET	INDEFATIGABLE	281	3	31	7	0	HCA34-63
VENGEUR	JACQUES	MARTIN	200	97	28	6	99	HCA34-63
VENGEUR	LE ROY	SWAN CUTTER	450	17	14	8	1	HCA34-60
VENGEUR	LECOLLIER	CAMBRIAN	100	72	26	2	98	HCA34-62
VENGEUR	MICHEL	STA MARGUERITA	61	4	2	12	96	HCA34-61
VENUS	BOUVRAND	INDEFATIGABLE	281	91	9	12	0	HCA34-63
VENUS	ESCALIER	JASON	290	35	26	2	1	HCA34-60
VENUS	KNELL	INDEFATIGABLE	280	74	16	7	99	HCA34-63
VESOUVE	GUIDELON	MELAMPUS	140	50	9	1	96	HCA34-61
VESTAILE	GASPARD	CLYDE	282	30	3	10	99	HCA34-63
VICTOIRE	DAMBOURGES	REVOLUTIONAIRE	61	57	23	7	99	HCA34-63
VICTOIRE	DEVILLE	LADY ANN	370	64	17	7	1	HCA34-63
VICTOIRE	GRESILLE	ESPEIGLE	370	22	14	11	97	HCA34-62
VICTOIRE	GRUGER	LEOPARD	100	0	4	5	93	HCA34-61
VICTOIRE	HERBERT	EARL OF DERBY	190	0	15	6	93	HCA34-61
VICTOIRE	LE GALL	TRITON	280	0	27	7	99	HCA34-63
VICTOIRE	PERADO	BITTERN	280	0	14	10	96	HCA34-61
VICTOIRE	TARRAGNO	TERMAGENT	130	37	26	2	98	HCA34-62
VICTORIEUSE	SALAUNT	MINOTAUR	291	26	2	10	95	HCA34-61
VICTORIEUX	GENTRY	MINERVE	180	0	27	1	1	HCA34-60
VICTORIEUX	HUSTON	BRILLIANT	530	30	14	11	97	HCA34-62
VICTORINE	RAGUIDEAU	STA MARGUERITA	60	73	22	9	97	HCA34-62
VICTORY	LE PERSORE	EAGLE PRIVATEER	100	0	24	4	98	HCA34-62
VIDETTE	HADRIAN	TRITON	280	74	8	4	0	HCA34-63
VIETHUSE	HALGAN	EXCELLENT	281	41	22	11	99	HCA34-63
VIGIE	DUHALDE	RESOLUTION	100	74	2	8	99	HCA34-60
VIGILANT	LE QUEC	DESPATCH	110	0	11	2	0	HCA34-63
VIGILANT	O	PELLEWS SQ	100	0	3	9	0	HCA34-60
VIGILANT	O	SWALLOW CR	410	18	27	9	96	HCA34-61
VIGILENT	MASON	CHILDERS	280	29	4	11	95	HCA34-61
VIGOREUSE	GRANGER	CAMPERDOWN	90	18	28	3	0	HCA34-63
VILLE DE L ORIENT	DE REWNES	UNICORN	61	7	24	2	96	HCA34-62
VIRGIN	BERGNET	INDEFATIGABLE	103	39	2	6	96	HCA34-62
VIRGINIE	SEVIER	LATONA	370	58	19	6	0	HCA34-63
VOLAGE	DESAGNEAUX	MELAMPUS	281	96	15	3	98	HCA34-62
VOLONTAIRE	BRETEL	DIADEM	43	60	24	10	6	HCA34-64
VOLTIGEUR	LION	VESTAL	130	40	15	5	97	HCA34-62
VOLTIGEUR	TERANCEAU	EURIDICE	90	23	21	6	97	HCA34-62
VOYAGEUR	COLBERT	FAVOURITE	370	47	26	2	1	HCA34-60
VRAI DECIDE	DESGARDIN	MACOON	90	41	28	1	0	HCA34-63
VRAI PATRIOTE	DIVELLE	DIDO FRIGATE	200	45	23	10	93	HCA34-61
ZELIE	GONIDEC	STAG CUTTER	280	44	26	2	98	HCA34-62
ZEPHIR	SEGOND	ANSON FRIGATE	100	70	22	12	97	HCA34-62
ZOEE	BONTEL	PHAETON	281	30	31	7	97	HCA34-62
