caseID,Appraisal date,Year,Warperiod,Ship name,Ship Captain,Ship tons,Ship value(L),Cargo&equipment value (L),Total value (L),Ship origin,Port brougth to,Owner 1,Owner 2,Owner 3,Owner 4,Captors_no,Captor name,Series ID,Notes,,
1,24/11/1692,1692,,Lyon,Howard?,390,,,1369,,,,,,,1,,HCA4_16,,,
2,13/10/1692,1692,,Blessing Burthon,John Mudge,130,,,331,Virginia,,,,,,1,,HCA4_16,,,
3,28/8/1692,1692,,St. Charles the Samaritan,Jacobi Cuttiford,,,,542,,Plymouth,Thomas Coats,Henry Whittoy,William Dunking,Johannis Garland,1,,HCA4_16,,,
4,,1692,,St. Charles the Samaritan,Jacobi Cuttiford,,,,200,,,Thomas Coats,Henry Whittoy,William Dunking,Johannis Garland,1,,HCA4_16,,,
5,23/7/1692,1692,,Dorothy,Van Hodder,140,,,617,,Falmouth,,,,,1,,HCA4_16,,,
6,13/8/1692,1692,,Industry,Roger Barrow,40,,,111,,,,,,,1,,HCA4_16,,,
7,22/7/1692,1692,,Pilgrim Keath?,,,80,205,285,,,,,,,1,,HCA4_16,,,
8,23/6/1692,1692,,Arms of Cathorsims?,Lessmy Jonkmis?,50,,,94,,,,,,,1,,HCA4_16,,,
9,15/6/1692,1692,,Hopewell,,,,,102,,Bristol,,,,,1,,HCA4_16,,,
10,31/5/1692,1692,,Dorothy,Thomas Nicholas,40,,,79,,,,,,,1,,HCA4_16,,,
11,27/4/1692,1692,,John Kotik?,Samuel Thornobury,70,,,130,,,,,,,1,,HCA4_16,,,
12,,1692,,,John Ketch,73,,,,,Bristol,,,,,1,,HCA4_16,,,
13,,1692,,Batchellour,Thomas Nicholas,40,,,,English built,,,,,,1,,HCA4_16,,,
14,21/4/1692,1692,,Willing Mind,Samuell White,140,,,367,,,,,,,1,,HCA4_16,,,
15,17/3/1692,1692,,Amorira,,230,,,764,,,,,,,1,,HCA4_16,,,
16,12/3/1691,1691,,Carolina,Hor. Strut,300,,,1740,,,,,,,1,,HCA4_16,,,
17,,1691,,Mary,John Clarke,,,,117,Ostend?,Dartmouth,,,,,1,Chaser the Second,HCA4_16,,,
18,7/3/1691,1691,,Susan,Jm. Barthy,60,,,35,London,,,,,,1,,HCA4_16,,,
19,14/1/1691,1691,,Thomas & Jane,Thomas Bonmott,170,,,460,,,,,,,1,,HCA4_16,,,
20,19/12/1691,1691,,Hero David,John ?ike,230,,87,,,,,,,,1,,HCA4_16,,,
21,21/11/1691,1691,,Anne,Charles Pickering,,475,240,715,,,,,,,1,,HCA4_16,,,
22,21/11/1692,1691,,,,90,180,82,262,London,,,,,,1,,HCA4_16,,,
23,15/10/1691,1691,,Loyall Subject,Thomas Rogers,500,350,555,905,,,,,,,1,,HCA4_16,,,
24,8/10/1691,1691,,Richard and Sarah,John Gunnell,170,350,178,528,,,,,,,1,,HCA4_16,,,
25,17/9/1691,1691,,Thomas and Jane,Thomas Bennet,170,425,89,514,,,,,,,1,,HCA4_16,,,
26,30/6/1691,1691,,,,,56,170,226,,,,,,,1,,HCA4_16,,,
27,24/6/1691,1691,,Fortune,William Harvey,180,220,681,901,,,,,,,1,,HCA4_16,,,
28,28/6/1692,1692,,Providence of Lyma,John Thurston,45,67,32,99,,,,,,,1,,HCA4_16,,,
29,22/5/1691,1691,,Thomas and George,William Dobson,100,113,91,204,,,,,,,1,,HCA4_16,,,
30,26/6/1692,1692,,Adventure of Scilley,William Woodman,,,,59,,,,,,,1,,HCA4_16,,,
31,20/4/1691,1691,,Constant Richard,James Cole,,743,213,956,,,,,,,1,,HCA4_16,,,
32,20/4/1691,1691,,James and John,George Clarke,75,168,49,217,,,,,,,1,,HCA4_16,,,
33,12/1/1690,1690,,Fortune,John Gibson,,265,114,379,London,,,,,,1,,HCA4_16,,,
34,18/12/1690,1690,,New Castle,Robert Fullwood,400,700,230,930,,,,,,,1,,HCA4_16,,,
35,19/12/1691,1691,,,,,100,57,157,,,,,,,1,,HCA4_16,,,
36,5/11/1690,1690,,,John ?tent,90,135,42,177,,,,,,,1,,HCA4_16,,,
37,3/11/1690,1690,,George,John Paine,80,100,79,179,,,,,,,1,,HCA4_16,,,
38,23/10/1690,1690,,Elizabeth & Susan,John Dudly,200,410,179,589,,,,,,,1,,HCA4_16,,,
39,10/8/1695,1695,,Content Sloop of Samara,Daniell Plowman,50,88,63,151,,,,,,,1,,HCA4_17,,,
40,18/7/1695,1695,,Leonard & Sarah,Josias Westwood,26,22,20,42,,,,,,,1,,HCA4_17,,,
41,25/6/1695,1695,,Edward and Jane,Richard Houghton,91,238,89,327,,,,,,,1,,HCA4_17,,,
42,27/6/1695,1695,,Phenix,John Joblin,130,244,95,339,,,,,,,1,,HCA4_17,,,
43,15/6/1695,1695,,Jobe,,,35,142,177,,,,,,,1,John Neell; Phillip Pentyre,HCA4_17,,,
44,,1694,,Constant,John Gandye,350,787,287,1074,,,,,,,1,,HCA4_17,,,
45,2/3/1694,1694,,,,,350,204,554,,,,,,,1,,HCA4_17,,,
46,20/2/1694,1694,,Gilbert,Robert Robin,150,187,89,276,,,,,,,1,,HCA4_17,,,
47,20/2/1695,1695,,Edward,John Shopperson,105,340,75,415,,,,,,,1,,HCA4_17,,,
48,14/1/1694,1694,,Rosemary of Sheilds,John Frost,200,679,145,824,,,,,,,1,,HCA4_17,,,
49,6/12/1694,1694,,Charles,Peter Sibrom?,40,20,12,32,Jersey,,,,,,1,,HCA4_17,,,
50,3/11/1694,1694,,[?],Thomas Larson,190,475,215,690,,,,,,,1,,HCA4_17,,,
51,15/11/1694,1694,,Tryall,Hugh Payors,180,315,123,438,,,,,,,1,,HCA4_17,,,
52,24/12/1694,1694,,Endeavor,Edward Ratchdale,,250,847,1097,,,,,,,1,,HCA4_17,,,
53,4/10/1694,1694,,Elizabeth,John Lund,40,88,66,154,London,,,,,,1,,HCA4_17,,,
54,7/8/1694,1694,,St Martin,Matthew Thompson,220,660,177,837,,,,,,,1,,HCA4_17,,,
55,5/9/1694,1694,,Henry,Robert Savage,,50,77,127,,,,,,,1,,HCA4_17,,,
56,5/7/1694,1694,,Dantzick Mor[?]/William,Bong Holman,,300,100,400,,,,,,,1,,HCA4_17,,,
57,15/5/1694,1694,,Samuell & Sarah,George Davis,110,55,43,98,,,,,,,1,,HCA4_17,,,
58,10/4/1694,1694,,Countis/Royall William,Thomas Wilkinson,260,1040,912,1952,,,,,,,1,,HCA4_17,,,
59,7/4/1694,1694,,Arabella,Richard Anderson,200,900,294,1194,,,,,,,1,,HCA4_17,,,
60,19/2/1693,1693,,Elizabeth [?],Hedworth Hobden,120,233,68,301,,,,,,,1,,HCA4_17,,,
61,11/1/1693,1693,,Loyalty,John Price,330,578,345,923,,,,,,,1,,HCA4_17,,,
62,18/12/1693,1693,,Bayon/Beare,Jacob Mawitz,180,487,103,590,,,,,,,1,,HCA4_17,,,
63,27/11/1693,1693,,Bonadventure,Roger Meyers,260,575,264,839,,,,,,,1,,HCA4_17,,,
64,13/11/1693,1693,,Young Prince,Henry Lambe,290,326,95,421,,,,,,,1,,HCA4_17,,,
65,23/10/1693,1693,,Delight,William Watson,180,540,407,947,,,,,,,1,,HCA4_17,,,
66,27/10/1693,1693,,Craen Vougle,Frederick Frederickson,,188,211,399,,Cowes,,,,,1,,HCA4_17,,,
67,12/10/1693,1693,,Leonard & Sarah,William Burton,25,15,27,42,,,,,,,1,,HCA4_17,,,
68,28/9/1693,1693,,Africa,Samuell Shoring,130,390,235,625,,,,,,,1,,HCA4_17,,,
69,27/9/1694,1694,,Jonny Hoy,Richard Lane,30,80,32,112,,,,,,,1,,HCA4_17,,,
70,12/9/1693,1693,,Loyall James,,,128,74,202,,Topsham,,,,,1,,HCA4_17,,,
71,14/9/1693,1693,,Adventure,,,,142,,Dartmouth,,,,,,1,,HCA4_17,,,
72,14/7/1693,1693,,,,40,50,88,138,,,,,,,1,,HCA4_17,,,
73,4/4/1693,1693,,Medralfe?,Jeremiah Turner,140,315,140,455,,,,,,,1,,HCA4_17,,,
74,5/1/1692,1692,,Ruth,John Brunskill,260,585,264,849,,,,,,,1,,HCA4_17,,,
75,15/12/1692,1692,,Rebecca,,,50,50,100,,,,,,,1,,HCA4_17,,,
76,15/12/1692,1692,,Adventure,Thomas Harrison,100,110,68,178,,,,,,,1,,HCA4_17,,,
77,8/12/1692,1692,,Dorothy/Bartholomew,Thomas Crafond,45,90,77,167,,,,,,,1,,HCA4_17,,,
78,8/12/1692,1692,,John & Francis,John Orchard,114,200,102,302,,,,,,,1,,HCA4_17,,,
79,3/12/1692,1692,,Stephen,Robert Drizon,90,270,75,345,,,,,,,1,,HCA4_17,,,
80,1/12/1692,1692,,Quinden,Edward Swaine,156,468,285,753,,,,,,,1,,HCA4_17,,,
81,21/11/1692,1692,,Anne & Mary,Michael Wilkins,160,170,47,217,,,,,,,1,,HCA4_18,,,
82,21/9/1699,1699,,King David,Gerrel Gerrelson,,100,357,457,,Dartmouth,,,,,1,,HCA4_18,,,
83,14/9/1699,1699,,Amity/Unity,Timothy Ellis,38,57,16,73,,,,,,,1,,HCA4_18,,,
84,18/8/1699,1699,,,,,,158,,,,,,,,1,,HCA4_18,,,
85,18/7/1699,1699,,John & Elizabeth,Arthur Radford,250,188,132,320,,,,,,,1,,HCA4_18,,,
86,29/6/1699,1699,,Charles,John Dorrell+D222,817,1123,1165,2288,,,,,,,1,,HCA4_18,,,
87,19/6/1699,1699,,America,Richard Laycock,200,450,282,732,,,,,,,1,,HCA4_18,,,
88,19/5/1699,1699,,William & John,John Johnston,300,600,329,929,,,,,,,1,,HCA4_18,,,
89,16/5/1699,1699,,Experiment,William Batten,90,100,67,167,,,,,,,1,,HCA4_18,,,
90,23/3/1699,1699,,Richard and Mary/Knight,James Knight,40,30,7,37,,,,,,,1,,HCA4_18,,,
91,4/3/1698,1698,,Adventure,Robert Burton,45,101,30,131,,,,,,,1,,HCA4_18,,,
92,18/3/1698,1698,,Providence,Thomas Thorpe,285,606,158,764,,,,,,,1,,HCA4_18,,,
93,15/2/1698,1698,,Blackham,Charles Newnham,240,562,391,953,,,,,,,1,,HCA4_18,,,
94,4/2/1698,1698,,Shrewsbury Abby,John Thomas,200,700,261,961,,,,,,,1,,HCA4_18,,,
95,26/1/1698,1698,,Pereg[?],Jeremiah Fay,310,1625,405,2030,London,,,,,,1,,HCA4_18,,,
96,26/1/1698,1698,,Fortune/Dolphin,[?],65,65,26,91,,,,,,,1,,HCA4_18,,,
97,14/6/1698,1698,,Crown,John Ackerly,400,400,269,669,,,,,,,1,,HCA4_18,,,
98,12/6/1698,1698,,Reclamation,Thomas Williams,55,55,14,69,,,,,,,1,,HCA4_18,,,
99,7/1/1698,1698,,Benjamin & Mary,Richard Smith,110,413,103,516,,,,,,,1,,HCA4_18,,,
100,7/1/1698,1698,,Endeavor,Anthony Smith,85,255,47,302,Sunderland,,,,,,1,,HCA4_18,,,
101,8/12/1698,1698,,Elmer Frigat,William Grimley,150,131,112,243,,,,,,,1,,HCA4_18,,,
102,21/11/1698,1698,,Carlish,John Breholl,340,1360,507,1867,,,,,,,1,,HCA4_18,,,
103,15/11/1698,1698,,Armynia Merchant,John Carswell,240,540,257,797,,,,,,,1,,HCA4_18,,,
104,10/11/1698,1698,,Royall Peace,John Bourne,40,45,54,99,,,,,,,1,,HCA4_18,,,
105,3/11/1698,1698,,Joane Brigantine/Sarah,Robert Matheros,90,135,35,170,,,,,,,1,,HCA4_18,,,
106,19/12/1695,1695,,Malaga Tartar,James Cookes,200,550,330,880,,,,,,,1,,HCA4_18,,,
107,11/11/1695,1695,,Edward and Francis,Thomas Man,,473,355,828,,,,,,,1,,HCA4_18,,,
108,30/6/1696,1696,,New Nesbet,Henry King,265,1325,508,1833,,,,,,,1,,HCA4_18,,,
109,18/5/1696,1696,,Lampton,William Potter,110,310,87,397,,,,,,,1,,HCA4_18,,,
110,20/1/1695,1695,,Nuestra Seignora del Buon Sueorso,Giocomo Spatio,800,500,338,838,,,,,,,1,,HCA4_18,,,
111,16/9/1698,1698,,Francis/Samuel,Edward Lillie,130,263,88,351,,,,,,,1,,HCA4_18,,,
112,8/7/1696,1696,,Adventure,Francis Jackott,60,146,37,183,Brighthelmstone,,,,,,1,,HCA4_18,,,
113,29/8/1696,1696,,Reserve,William Taylor,,220,113,333,Sheeles,,,,,,1,,HCA4_18,,,
114,3/11/1698,1698,,Elizabeth & Katherine,Henry Thorpe,110,275,88,363,,,,,,,1,,HCA4_18,,,
115,12/8/1698,1698,,Esperance,Gasparus Garbante,,25,19,44,,Portsmouth,,,,,1,,HCA4_18,,,
116,28/7/1698,1698,,Mazareen Galler,Pet? Tedder,210,630,257,887,,,,,,,1,,HCA4_18,,,
117,28/7/1698,1698,,Samuel & John,Owen Phillips,200,390,101,491,,,,,,,1,,HCA4_18,,,
118,28/7/1698,1698,,Golden Faulcon,Jens Falk,350,438,185,623,,,,,,,1,,HCA4_18,,,
119,23/7/1698,1698,,Martins Delight,George William Hurst,180,270,175,445,,,,,,,1,,HCA4_18,,,
120,21/7/1698,1698,,Elizabeth,John Chilman,,,146,,Whitstable,,,,,,1,,HCA4_18,,,
121,21/7/1698,1698,,Kings Fisher Ketch/Peter of Guernsey,Nicholas Naftoll,35,53,34,87,Guernsey,,,,,,1,,HCA4_18,,,
122,16/7/1698,1698,,London Merchant,Nicholas Smith,260,378,181,559,,,,,,,1,,HCA4_18,,,
123,14/7/1698,1698,,Reyner,John Baker,80,90,59,149,,,,,,,1,,HCA4_18,,,
124,30/6/1698,1698,,Prince John Gastogne of Tuscany,Luke Barrish,425,1063,854,1917,,,,,,,1,,HCA4_18,,,
125,20/6/1698,1698,,Richard & Elizabeth/Samuell,Isaac Cooper,210,158,95,253,,,,,,,1,,HCA4_18,,,
126,20/6/1698,1698,,Sarah & Elizabeth,Joseph Shankes,60,65,51,116,,,,,,,1,,HCA4_18,,,
127,4/6/1698,1698,,Edward & Mary,Michael Staples,230,374,144,518,,,,,,,1,,HCA4_18,,,
128,3/6/1698,1698,,Charles/Sarah,Edward Burwash,263,657,261,918,,,,,,,1,,HCA4_18,,,
129,22/6/1698,1698,,John Baptist/Dove,Matthew Doodkin,,240,116,356,,,,,,,1,,HCA4_18,,,
130,9/5/1698,1698,,Happy Returne,Thomas Taylor,64,94,62,156,,,,,,,1,,HCA4_18,,,
131,6/5/1698,1698,,Sea Flower,Peter Wallis,80,320,89,409,,,,,,,1,,HCA4_18,,,
132,14/4/1698,1698,,John and Anne/Gilbert,John Jay,50,113,75,188,,,,,,,1,,HCA4_18,,,
133,7/3/1697,1697,,Cheisley Galley,John Maine,213,1092,361,1453,,,,,,,1,,HCA4_18,,,
134,3/3/1697,1697,,Hope,Joseph Strut,180,135,204,339,,,,,,,1,,HCA4_18,,,
135,11/3/1697,1697,,Mary Rose,Thomas Rogers,145,254,225,479,,,,,,,1,,HCA4_18,,,
136,4/2/1697,1697,,Hope,Jacob Bawdwin,,,348,,,,,,,,1,,HCA4_18,29 hogsheads of sugar,,
137,15/2/1697,1697,,Nevill Brigantine,William Ben,60,159,51,210,,,,,,,1,,HCA4_18,,,
138,15/2/1697,1697,,Fortune,Peter Andersen,180,135,68,203,,,,,,,1,,HCA4_18,,,
139,13/1/1697,1697,,Gaffle Slott?,Anthony Mopon?,500,500,225,725,,,,,,,1,,HCA4_18,,,
140,18/12/1697,1697,,Mary Galley,Robert Hichcock,70,70,87,157,,,,,,,1,,HCA4_18,,,
141,9/12/1697,1697,,Postillion,Richard Potts,150,600,139,739,,,,,,,1,,HCA4_18,,,
142,1/12/1697,1697,,Slaughter Galley,Thomas Kent,252,851,361,1212,,,,,,,1,,HCA4_18,,,
143,2/10/1697,1697,,Heritage/Hope,Thomas Road,130,200,55,255,,,,,,,1,,HCA4_18,,,
144,23/9/1697,1697,,Constant James,Robert Wyeth,344,430,230,660,,,,,,,1,,HCA4_18,,,
145,14/9/1697,1697,,John & Elizabeth,Arthur Radford,240,280,175,455,,,,,,,1,,HCA4_18,,,
146,24/7/1697,1697,,Devon Merchant,Joseph Collman,180,315,139,454,,,,,,,1,,HCA4_18,,,
147,18/7/1697,1697,,William Pinck,Bonk Holman,140,163,116,279,,,,,,,1,,HCA4_18,,,
148,15/7/1697,1697,,Samuell,Peter Heron,300,1200,165,1365,Stockton,,,,,,1,,HCA4_18,,,
149,1/7/1697,1697,,Mary Galley,Robert Hichcock,75,178,131,309,,,,,,,1,,HCA4_18,,,
150,14/5/1697,1697,,Katherine,Jacob Petersen,300,600,265,865,Stockholm,,,,,,1,,HCA4_18,,,
151,19/4/1697,1697,,William/Charles and Richard,Roger Roydon,80,200,59,259,,,,,,,1,,HCA4_18,,,
152,9/3/1696,1696,,Palme Tree,John Holland,180,280,144,424,,,,,,,1,,HCA4_18,,,
153,27/2/1696,1696,,Hope,Jacob Bawdwin,,,360,,,,,,,,1,,HCA4_18,39 hogsheads of tobacco,,
154,15/12/1696,1696,,Swift,William Nunn,45,180,70,250,,,,,,,1,,HCA4_18,,,
155,1/12/1696,1696,,Charity,Lancaster Symes,140,210,108,318,,,,,,,1,,HCA4_18,,,
156,21/11/1696,1696,,St. Joseph,Francis Shusamick,260,520,313,833,,,,,,,1,,HCA4_18,,,
157,12/11/1696,1696,,Young Tobias,Ilcke Petrus-Rodts,70,70,47,117,,,,,,,1,,HCA4_18,,,
158,11/11/1696,1696,,William & Jane,William Roxbym,160,404,139,543,,,,,,,1,,HCA4_18,,,
159,3/11/1696,1696,,Harding Galley/Mormtague Galley,William Duckett,115,420,283,703,,,,,,,1,,HCA4_18,,,
160,4/9/1696,1696,,Julia,Charles Coatsworth,280,1300,295,1595,,,,,,,1,,HCA4_18,,,
161,23/7/1696,1696,,Martins Delight,John Atkinson,200,500,279,779,,,,,,,1,,HCA4_18,,,
162,6/10/1703,1703,,Wetering,Witt van der Sahn,50,20,50,70,,,,,,,1,,HCA4_19,,,
163,29/9/1703,1703,,Mermaid Gally,Edward Lloyd,80,163,101,264,,,,,,,1,,HCA4_19,,,
164,23/9/1703,1703,,Joseph,James Porter,160,200,207,407,,,,,,,1,,HCA4_19,,,
165,19/8/1703,1703,,Venetian Merchant,Charles Alexander,200,600,144,744,,,,,,,1,,HCA4_19,,,
166,16/7/1703,1703,,Elizabeth,Josias Poole,96,50,73,123,,,,,,,1,,HCA4_19,,,
167,22/7/1703,1703,,Providence,Nicholas Willis,230,173,247,420,,,,,,,1,,HCA4_19,,,
168,13/8/1703,1703,,July Flavor,William Harte,,50,14,64,,Newcastle upon Tyne,,,,,1,,HCA4_19,,,
169,8/7/1703,1703,,Providence Bay,John Tizard,50,50,32,82,Southampton,,,,,,1,,HCA4_19,,,
170,8/6/1703,1703,,Port Royall Merchant,Nicholas Tucker,220,110,186,296,,,,,,,1,,HCA4_19,,,
171,14/5/1703,1703,,Delight,Robert Spilman,211,633,271,904,Yarmouth,,,,,,1,,HCA4_19,,,
172,7/5/1703,1703,,George,John Brimscom,190,333,187,520,,,,,,,1,,HCA4_19,,,
173,30/3/1702,1702,,Rebecca and Betty,Nicholas Foster,200,120,100,220,,,,,,,1,,HCA4_19,,,
174,4/2/1702,1702,,Owner's Adventure,John Booker,90,225,123,348,Portsmouth,,,,,,1,,HCA4_19,,,
175,4/2/1702,1702,,Mary,John Tills,236,354,248,602,,,,,,,1,,HCA4_19,,,
176,24/11/1702,1702,,Integrity,Robert Hildy,,40,120,160,Bristol,Cowe,,,,,1,Stephen Waterman,HCA4_19,a retaken Bristol ship,,
177,3/11/1702,1702,,Ursula,Edward Buxford,300,450,337,787,,,,,,,1,,HCA4_19,,,
178,15/10/1702,1702,,Lyon,William Burnside,300,230,135,365,Dublin,,,,,,1,,HCA4_19,,,
179,8/10/1702,1702,,Elizabeth,Anthony Thorne,60,50,119,169,,,,,,,1,,HCA4_19,,,
180,8/12/1702,1702,,Europian,John Robins,,200,149,349,,,,,,,1,,HCA4_19,,,
181,24/9/1702,1702,,Donegall Frigatt,Henry Chiffe,230,633,411,1044,,,,,,,1,,HCA4_19,,,
182,14/7/1702,1702,,Neptune,Joseph Bonnyman,101,152,89,241,,,,,,,1,,HCA4_19,,,
183,9/6/1702,1702,,Dolphin,George Watson,120,80,78,158,,,,,,,1,,HCA4_19,,,
184,9/6/1702,1702,,Lawrell,William Synire,140,140,146,286,,,,,,,1,,HCA4_19,,,
185,3/5/1702,1702,,Lyon,William Burnside,300,250,149,399,Dublin,,,,,,1,,HCA4_19,,,
186,15/5/1702,1702,,Lebanon Galley,William Pearne,60,60,37,97,,,,,,,1,,HCA4_19,,,
187,4/5/1702,1702,,Ruyter,,,197,60,257,,Plymouth,,,,,1,,HCA4_19,,,
188,28/4/1702,1702,,Exeter Merchant,,,270,335,605,,,,,,,1,,HCA4_19,,,
189,9/4/1702,1702,,Spy Galley,John Haberdine,90,113,109,222,,,,,,,1,,HCA4_19,,,
190,5/3/1701,1701,,African Galley,Henry Bradshaw,180,180,195,375,,,,,,,1,,HCA4_19,,,
191,7/2/1701,1701,,Phenix,Ralph Robinson,120,150,30,180,,,,,,,1,,HCA4_19,,,
192,18/12/1700,1700,,Thomas and John,Samuell Blackman,40,15,18,33,,,,,,,1,,HCA4_19,,,
193,11/12/1701,1701,,Norris,James Allison,600,675,804,1479,,,,,,,1,,HCA4_19,,,
194,8/12/1701,1701,,Two Freinds,John White,,300,81,381,,,,,,,1,,HCA4_19,,,
195,21/11/1702,1702,,Dolphin,Henry Jordan,80,176,104,280,,,,,,,1,,HCA4_19,,,
196,17/7/1701,1701,,Tyger,John Ruston,200,500,250,750,,,,,,,1,,HCA4_19,,,
197,2/7/1701,1701,,John and Henry,Boaz Bell,48,43,31,74,,,,,,,1,,HCA4_19,,,
198,2/7/1701,1701,,Providence,Daniell Serson,160,110,65,175,,,,,,,1,,HCA4_19,,,
199,21/5/1701,1701,,Richard and Sarah,John Clarke,280,560,220,780,,,,,,,1,,HCA4_19,,,
200,19/4/1701,1701,,Scepter,John Ackerly,320,350,202,552,,,,,,,1,,HCA4_19,,,
201,10/4/1701,1701,,Mayflower,William Young,70,123,34,157,,,,,,,1,,HCA4_19,,,
202,3/4/1701,1701,,Concord,Henry Averil,150,280,135,415,,,,,,,1,,HCA4_19,,,
203,27/3/1701,1701,,Victory,John Collier,110,150,151,301,,,,,,,1,,HCA4_19,,,
204,15/2/1700,1700,,Charles,George Winter,250,500,218,718,,,,,,,1,,HCA4_19,,,
205,7/12/1700,1700,,Methwin? Frigatt,,100,340,226,566,,Bristol,,,,,1,,HCA4_19,,,
206,6/11/1700,1700,,John,Mark Bickson,40,25,12,37,,,,,,,1,,HCA4_19,,,
207,15/10/1700,1700,,African Galley,Thomas Bradshaw,180,333,232,565,,,,,,,1,,HCA4_19,,,
208,12/10/1700,1700,,Nicholas/Gilbert,John Parkins,230,288,144,432,,,,,,,1,,HCA4_19,,,
209,17/9/1700,1700,,Amity Frigat,Jeremy Toy,307,691,260,951,,,,,,,1,,HCA4_19,,,
210,12/9/1700,1700,,Tryall,Thomas Hodgkin,80,170,58,228,,,,,,,1,,HCA4_19,,,
211,20/8/1700,1700,,Susanah and Elinor,Thomas Knight,50,40,40,80,,,,,,,1,,HCA4_19,,,
212,1/8/1700,1700,,Henry,R. Long,45,34,24,58,,,,,,,1,,HCA4_19,,,
213,8/7/1700,1700,,Owner's Adventure,Gerrard Potts,180,306,80,386,Scarborough,,,,,,1,,HCA4_19,,,
214,4/7/1700,1700,,,Thomas Le Mer,83,228,46,274,,,,,,,1,,HCA4_19,,,
215,4/7/1700,1700,,Judith Brigantine,Thomas Berry,90,130,105,235,,,,,,,1,,HCA4_19,,,
216,4/7/1700,1700,,Expedition Sloope,James Taylor,30,30,39,69,,,,,,,1,,HCA4_19,,,
217,25/6/1700,1700,,Charles Pinke,James Hadley,80,50,51,101,,,,,,,1,,HCA4_19,,,
218,15/6/1700,1700,,Cornelia,Jacob Ennis?,120,90,105,195,,,,,,,1,,HCA4_19,,,
219,18/6/1700,1700,,Happy Returne,George Duncan,140,245,122,367,,,,,,,1,,HCA4_19,,,
220,8/6/1700,1700,,Mary Galley,Robert Hitchcock,60,80,68,148,,,,,,,1,,HCA4_19,,,
221,16/5/1700,1700,,Unity,John Haselwood,60,30,32,62,,,,,,,1,,HCA4_19,,,
222,10/5/1700,1700,,Endeavor,John Hayes,100,200,41,241,,,,,,,1,,HCA4_19,,,
223,15/2/1699,1699,,Pellican,John Brooking,140,300,193,493,,,,,,,1,,HCA4_19,,,
224,15/2/1699,1699,,Charles the Second,John Dorrell,810,496,876,1372,,,,,,,1,,HCA4_19,,,
225,15/12/1699,1699,,Palm Tree,John Fowler,127,,,538,,Thames River,,,,,1,,HCA4_19,,,
226,14/12/1699,1699,,Owner's Adventure,David Eades,275,,,1089,,,,,,,1,,HCA4_19,,,
227,3/8/1710,1710,,Reward,James Devereux,400,500,440,940,,,,,,,1,,HCA4_20,,,
228,4/7/1710,1710,,Adventure of Yarmouth,Richard Lacey,300,750,192,942,,,,,,,1,,HCA4_20,,,
229,9/3/1709,1709,,[?] Brigantine,William Jordan,80,80,51,131,,,,,,,1,,HCA4_20,,,
230,15/12/1709,1709,,John and Sarah,Robert Sowers,320,320,120,440,,,,,,,1,,HCA4_20,,,
231,15/12/1709,1709,,Dolphin Galley,William Person,90,38,46,84,,,,,,,1,,HCA4_20,,,
232,12/11/1709,1709,,Endeavor/Laylon Friggot,Daniel Israel,220,385,98,483,,,,,,,1,,HCA4_20,,,
233,22/9/1709,1709,,Union/John and Anne,John Richardson,18,11,6,17,,,,,,,1,,HCA4_20,,,
234,8/9/1709,1709,,Anne and Mary,Joseph Bradby,300,385,295,680,,,,,,,1,,HCA4_20,,,
235,13/1/1707,1707,,Gabriell,John Williams,100,150,295,445,,,,,,,1,,HCA4_20,,,
236,21/11/1707,1707,,Mary Rose,Paul Godwyn,130,179,151,330,,,,,,,1,,HCA4_20,,,
237,23/10/1707,1707,,Samuell,Richard Bond,80,60,18,78,,,,,,,1,,HCA4_20,,,
238,17/7/1707,1707,,Tryall Gally,Richard Watts,200,600,172,772,,,,,,,1,,HCA4_20,,,
239,17/7/1707,1707,,Batchelor/Balthasar Brigantine,John Boise,40,80,57,137,,,,,,,1,,HCA4_20,,,
240,1/7/1707,1707,,Anne Galley/John,William Jury,90,90,60,150,,,,,,,1,,HCA4_20,,,
241,3/4/1707,1707,,Manuell Frigatt,John Buxford,440,277,313,590,,,,,,,1,,HCA4_20,,,
242,13/3/1706,1706,,Fortitude,Ephraim Stephens,185,278,146,424,,,,,,,1,,HCA4_20,,,
243,4/2/1706,1706,,St John Gally,Thomas Bradley,140,130,161,291,,,,,,,1,,HCA4_20,,,
244,18/7/1706,1706,,Russell Gally,John Holman,175,262,180,442,,,,,,,1,,HCA4_20,,,
245,3/8/1706,1706,,Owner's Adventure,Thomas Tear,45,125,35,160,,,,,,,1,,HCA4_20,,,
246,20/7/1706,1706,,Lizard Gally,James Thomas,40,34,17,51,,,,,,,1,,HCA4_20,,,
247,14/7/1706,1706,,Goodspeed,Nehemiah Partridge,,35,20,55,,,,,,,1,,HCA4_20,,,
248,8/4/1706,1706,,Augustus Gally,Abraham Elliot,,273,155,428,,,,,,,1,,HCA4_20,,,
249,16/3/1705,1705,,Fortitude,Ephraim Stephens,180,216,133,349,,,,,,,1,,HCA4_20,,,
250,20/12/1705,1705,,John and Robert,William Physick,120,240,146,386,,,,,,,1,,HCA4_20,,,
251,21/11/1705,1705,,Hopewell,William Deane,55,25,19,44,,,,,,,1,,HCA4_20,,,
252,21/8/1705,1705,,Vine,John Boys,120,200,121,321,,,,,,,1,,HCA4_20,,,
253,19/7/1705,1705,,Catherine,Albert Blacklock,200,150,99,249,,,,,,,1,,HCA4_20,,,
254,15/5/1705,1705,,Judeth Brigantine,Richard Smith,80,80,106,186,,,,,,,1,,HCA4_20,,,
255,2/3/1704,1704,,William and Sheppard,Henry Hornigold,360,540,152,692,,,,,,,1,,HCA4_20,,,
256,11/1/1704,1704,,Trumbull Gally,Edward Arnold,320,280,388,668,,,,,,,1,,HCA4_20,,,
257,21/11/1704,1704,,Neptune,Abraham Soanes,280,350,263,613,,,,,,,1,,HCA4_20,,,
258,13/11/1704,1704,,Elizabeth and Catherine,Richard Lawrence,150,130,132,262,,,,,,,1,,HCA4_20,,,
259,6/10/1704,1704,,Upton Gally,Francis Wells,230,460,260,720,,,,,,,1,,HCA4_20,,,
260,10/8/1704,1704,,Becky Pinck,Ralph Hadly,100,160,76,236,,,,,,,1,,HCA4_20,,,
261,13/7/1704,1704,,Unity,Robert Mears,130,105,99,204,,,,,,,1,,HCA4_20,,,
262,30/3/1704,1704,,Providence of Hull,Pralph Johnson,140,263,93,356,Hull,,,,,,1,,HCA4_20,,,
263,9/3/1703,1703,,Unity,John Delves,147,257,125,382,,,,,,,1,,HCA4_20,,,
264,4/2/1703,1703,,St John of Roterdam,William Lars,160,28,37,65,Roterdam,,,,,,1,,HCA4_20,,,
265,3/11/1703,1703,,Providence,John Gunnell,250,230,198,428,,,,,,,1,,HCA4_20,,,
266,23/10/1703,1703,,Crowder Frigatt,John Crowder,150,300,196,496,,,,,,,1,,HCA4_20,,,
267,11/7/1718,1718,,Young Dick,John Cattle,124,451,146,597,,,,,,,1,,HCA4_21,,,
268,23/5/1718,1718,,Mary/Catherine,Francis Timbs,90,130,46,176,,,,,,,1,,HCA4_21,,,
269,24/3/1717,1717,,Concord of Leitls,James Jameson,150,75,75,150,,,,,,,1,,HCA4_21,,,
270,27/2/1717,1717,,Princes Gally,John Hutton,135,203,69,272,,,,,,,1,,HCA4_21,,,
271,4/2/1717,1717,,Prudent Mary,William Thompson,90,135,87,222,,,,,,,1,,HCA4_21,,,
272,21/11/1717,1717,,Centurion Suon?,Elias Hourgee?,50,18,15,33,,,,,,,1,,HCA4_21,,,
273,12/11/1717,1717,,Marseiles Merchant,Henry Gravener,224,430,216,646,,,,,,,1,,HCA4_21,,,
274,18/10/1717,1717,,Young Dick,John Cattle,124,286,56,342,,,,,,,1,,HCA4_21,,,
275,6/9/1717,1717,,Sarah,John Buchsler,100,60,46,106,,,,,,,1,,HCA4_21,,,
276,10/7/1717,1717,,Providence,David Hawkins,160,120,115,235,,,,,,,1,,HCA4_21,,,
277,31/5/1717,1717,,Anderson,William Johnson,130,390,82,472,,,,,,,1,,HCA4_21,,,
278,22/5/1717,1717,,Broadland,Thomas Peacock,32,19,14,33,,,,,,,1,,HCA4_21,,,
279,15/2/1716,1716,,Lawrence Frigatt,Thomas Dane,150,80,145,225,,,,,,,1,,HCA4_21,,,
280,4/2/1716,1716,,George and Mary,? Denereux,90,45,49,94,,,,,,,1,,HCA4_21,,,
281,21/7/1716,1716,,Martha,Samuel Richardson,220,330,180,510,,,,,,,1,,HCA4_21,,,
282,21/1/1716,1716,,Mary,Thomas Richardson,495,376,274,650,,,,,,,1,,HCA4_21,,,
283,1/12/1716,1716,,Anne,Thomas Baywell,370,278,267,545,,,,,,,1,,HCA4_21,,,
284,21/11/1716,1716,,Page,John Jones,400,650,345,995,,,,,,,1,,HCA4_21,,,
285,12/11/1716,1716,,Mary,Thomas Munday,160,80,105,185,,,,,,,1,,HCA4_21,,,
286,23/10/1716,1716,,Robinson Frigatt,John Burford,300,220,210,430,,,,,,,1,,HCA4_21,,,
287,23/10/1716,1716,,Mary,Benjamin Eyresis?,110,193,55,248,,,,,,,1,,HCA4_21,,,
288,29/10/1716,1716,,Mary,George Winter,100,85,81,166,,,,,,,1,,HCA4_21,,,
289,16/10/1716,1716,,Afias?,John Camill,249,657,339,996,,,,,,,1,,HCA4_21,,,
290,11/8/1716,1716,,Marseiles Merchant,Henry Gravener,224,454,164,618,,,,,,,1,,HCA4_21,,,
291,4/7/1716,1716,,Mary and Elizabeth,Samuel Cragg,40,40,68,108,,,,,,,1,,HCA4_21,,,
292,21/6/1706,1706,,Endeavor,Thomas Johnson,30,20,10,30,,,,,,,1,,HCA4_21,,,
293,12/6/1716,1716,,Craven Gally,Robert Corbell,130,100,61,161,,,,,,,1,,HCA4_21,,,
294,30/5/1716,1716,,Anne of Southampton,William Dore,96,70,23,93,Southampton,,,,,,1,,HCA4_21,,,
295,15/5/1716,1716,,Providence,John Allen,40,52,12,64,,,,,,,1,,HCA4_21,,,
296,11/5/1716,1716,,Generous Jenny,James Jobson,40,44,14,58,,,,,,,1,,HCA4_21,,,
297,16/4/1716,1716,,William and Francis,John Jane,40,68,27,95,,,,,,,1,,HCA4_21,,,
298,16/2/1715,1715,,Elizabeth,Ma[?]ie Owen,360,360,330,690,,,,,,,1,,HCA4_21,,,
299,16/2/1715,1715,,South River Merchant,Stephen Yoakley,240,180,172,352,,,,,,,1,,HCA4_21,,,
300,9/12/1715,1715,,Slope Grove,George Darke,150,150,63,213,,,,,,,1,,HCA4_21,,,
301,22/9/1715,1715,,Fame,John Grogg,150,120,100,220,,,,,,,1,,HCA4_21,,,
302,19/9/1715,1715,,Great Cyrus,Thomas Lone,80,70,56,126,,,,,,,1,,HCA4_21,,,
303,15/9/1715,1715,,Robert and Bollengier/Sarah,Henry Atkinson,50,60,43,103,,,,,,,1,,HCA4_21,,,
304,30/6/1715,1715,,Portabella,Gilbert Rattery,150,82,78,160,,,,,,,1,,HCA4_21,,,
305,13/6/1715,1715,,George/Pryor Gally,John Quain,50,34,21,55,,,,,,,1,,HCA4_21,,,
306,25/4/1715,1715,,John Gally/Dove,William Vill,110,150,95,245,,,,,,,1,,HCA4_21,,,
307,21/4/1715,1715,,Aldborough,William Masterton,18,30,12,42,,,,,,,1,,HCA4_21,,,
308,15/2/1714,1714,,George and Samuel/Unity,John Bishop,112,455,188,643,,,,,,,1,,HCA4_21,,,
309,12/11/1714,1714,,Sara Gally,George Bolam,220,511,251,762,,,,,,,1,,HCA4_21,,,
310,26/2/1712,1712,,Sara and Susanna,William Harvey,150,184,96,280,,,,,,,1,,HCA4_21,,,
311,26/2/1712,1712,,Berkley Castle,James Jenkinson,400,300,295,595,,,,,,,1,,HCA4_21,,,
312,24/8/1712,1712,,Winne Gally,Gregory Talbolis,234,936,253,1189,,,,,,,1,,HCA4_21,,,
313,2/6/1712,1712,,Unity Hoy,Isaac Leeds,40,20,10,30,,,,,,,1,,HCA4_21,,,
314,3/6/1712,1712,,Francis nad Frank Galley,Henry Brand,80,75,110,185,Topsham,,,,,,1,,HCA4_21,,,
315,9/4/1712,1712,,Linsburgh,John Smith,170,129,49,178,,,,,,,1,,HCA4_21,,,
316,10/1/1711,1711,,Constantia of Bergen,Frederick Morhson,200,105,216,321,Bergen,,,,,,1,,HCA4_21,,,
317,28/11/1711,1711,,Prince Fly Boat,Charles Roaks,383,,,843,,,,,,,1,,HCA4_21,,,
318,9/11/1710,1710,,Alexander Galley,Thomas Mackfey,180,,,403,,,,,,,1,,HCA4_21,,,
319,3/11/1710,1710,,Swift Galley,Richard Cook,100,105,75,180,,,,,,,1,,HCA4_21,,,
320,9/12/1713,1713,,Friends Emreuse?,John White,110,138,23,161,,,,,,,1,,HCA4_21,,,
321,30/3/1721,1721,,Pearl,William Cane,70,84,41,125,,,,,,,1,,HCA4_22,,,
322,28/3/1720,1720,,Wisbech,Joseph Spencer,70,42,23,65,,,,,,,1,,HCA4_22,,,
323,15/12/1720,1720,,Mary/Betsy,Richard Gibbon,80,60,10,70,,,,,,,1,,HCA4_22,,,
324,15/12/1720,1720,,Three Sisters/Dove,Michael Smith,85,42,58,100,,,,,,,1,,HCA4_22,,,
325,8/12/1720,1720,,Farrors Gally/Anne,Benjamin Young,215,243,257,500,,,,,,,1,,HCA4_22,,,
326,12/11/1720,1720,,Charles,William Finch,100,135,40,175,,,,,,,1,,HCA4_22,,,
327,22/9/1720,1720,,Elizabeth of London,John Turner,120,180,56,236,London,,,,,,1,,HCA4_22,,,
328,9/9/1720,1720,,Pearle,William Cane,60,160,71,231,,,,,,,1,,HCA4_22,,,
329,28/7/1720,1720,,Hannover Succession,John Ch[?]rlon,200,150,150,300,,,,,,,1,,HCA4_22,,,
330,27/5/1720,1720,,Katherine,John Pidgion,160,120,57,177,,,,,,,1,,HCA4_22,,,
331,2/5/1720,1720,,Tyrer Gally,John Heyes,120,120,115,235,,,,,,,1,,HCA4_22,,,
332,24/3/1719,1719,,Marchment,David Kyll,110,93,82,175,,,,,,,1,,HCA4_22,,,
333,20/1/1719,1719,,John,John Jennings,90,130,65,195,,,,,,,1,,HCA4_22,,,
334,21/11/1719,1719,,Bumper Gally,William Menzie,180,225,208,433,,,,,,,1,,HCA4_22,,,
335,23/10/1719,1719,,Katherine of Leverpoole,Thomas Beck,40,50,25,75,Liverpool,,,,,,1,,HCA4_22,,,
336,6/8/1719,1719,,Granville,Robert Smith,390,292,283,575,,,,,,,1,,HCA4_22,,,
337,8/5/1719,1719,,Betty,Richard Engle,220,200,135,335,,,,,,,1,,HCA4_22,,,
338,15/2/1718,1718,,Success,John Northover,600,330,425,755,,,,,,,1,,HCA4_22,,,
339,4/2/1718,1718,,Hannover Gally,Jonathan Bosan,100,75,130,205,,,,,,,1,,HCA4_22,,,
340,4/2/1718,1718,,Draggon,Abraham Lamb,100,175,110,285,,,,,,,1,,HCA4_22,,,
341,21/11/1718,1718,,Betty,Jonas Motts,70,85,60,145,,,,,,,1,,HCA4_22,,,
342,2/6/1725,1725,,Endeavour of London,Benjamine Kempts,35,35,17,52,London,,,,,,1,,HCA4_22,,,
343,7/5/1725,1725,,Victory,William Wharton,180,314,111,425,,,,,,,1,,HCA4_22,,,
344,21/4/1725,1725,,George Gally/Revenge,John Gove,180,383,234,617,,,,,,,1,,HCA4_22,,,
345,26/1/1724,1724,,Providence Sloop,John Head,34,29,24,53,,,,,,,1,,HCA4_22,,,
346,21/11/1724,1724,,John and William,John Jones,100,200,50,250,,,,,,,1,,HCA4_22,,,
347,15/7/1724,1724,,William and Sarah,Daniel Dawson,135,135,99,234,,,,,,,1,,HCA4_22,,,
348,9/7/1724,1724,,Uplon Gally,William Cross,200,365,185,550,,,,,,,1,,HCA4_22,,,
349,26/2/1723,1723,,Benjamine and Elizabeth,Benjamine Mathews,30,22,1,23,,,,,,,1,,HCA4_22,,,
350,15/12/1723,1723,,Fernley Gally,? Darke,180,291,109,400,,,,,,,1,,HCA4_22,,,
351,2/12/1723,1723,,Portland Gally,Abraham Dumarecy?,300,332,293,625,,,,,,,1,,HCA4_22,,,
352,10/12/1723,1723,,Revelation,John Munrow,380,665,1064,1729,,,,,,,1,,HCA4_22,,,
353,23/10/1723,1723,,Honor of London,Robert Comley,85,29,59,88,London,,,,,,1,,HCA4_22,,,
354,6/8/1723,1723,,Princes of Portugal,George Wane,99,175,108,283,,,,,,,1,,HCA4_22,,,
355,11/7/1723,1723,,Albenia of Glascow,William Robertson,70,35,29,64,Glasgow,,,,,,1,,HCA4_22,,,
356,25/6/1723,1723,,Ivory Gally,Christopher Crow,130,160,100,260,,,,,,,1,,HCA4_22,,,
357,24/5/1723,1723,,Dennis Sloop,Richard Lane,80,60,60,120,,,,,,,1,,HCA4_22,,,
358,22/2/1722,1722,,Hamburgh Friggat,Thomas Jackson,150,93,7,100,,,,,,,1,,HCA4_22,,,
359,11/12/1722,1722,,Owners Good Will,John Luse,120,90,75,165,,,,,,,1,,HCA4_22,,,
360,21/11/1722,1722,,Caser Gally,Daniell Went,240,120,80,200,,,,,,,1,,HCA4_22,,,
361,3/11/1722,1722,,Hill Gally,Jarman Williams,123,138,106,244,,,,,,,1,,HCA4_22,,,
362,30/7/1722,1722,,Salmon Tender,William Watch,25,45,11,56,,,,,,,1,,HCA4_22,,,
363,18/4/1722,1722,,London Sloop,John Latham,110,330,106,436,,,,,,,1,,HCA4_22,,,
364,18/4/1722,1722,,Prince Frederick,Thomas Reading,130,325,170,495,,,,,,,1,,HCA4_22,,,
365,2/3/1721,1721,,John,Francis Baker,100,50,35,85,,,,,,,1,,HCA4_22,,,
366,2/3/1721,1721,,Elizabeth,Pearce Smith,50,150,70,220,,,,,,,1,,HCA4_22,,,
367,2/3/1721,1721,,Anne and Margratta,Henry Cutteford,50,150,55,205,,,,,,,1,,HCA4_22,,,
368,2/3/1721,1721,,Fishpool Sloop,Kettlewell Waude,60,153,57,210,,,,,,,1,,HCA4_22,,,
369,2/3/1721,1721,,George and Mary,William Allison,90,90,25,115,,,,,,,1,,HCA4_22,,,
370,20/1/1721,1721,,John and Elizabeth,Christopher Thompson,250,200,61,261,,,,,,,1,,HCA4_22,,,
371,1/12/1721,1721,,Hill Gally,Jarman Williams,123,185,126,311,,,,,,,1,,HCA4_22,,,
372,12/12/1721,1721,,King George,William Gould,70,80,40,120,,,,,,,1,,HCA4_22,,,
373,3/11/1721,1721,,William and Margarett,William Bainbridge,140,210,145,355,,,,,,,1,,HCA4_22,,,
374,19/5/1721,1721,,Lucitania,Edmund Meyrich,143,104,126,230,,,,,,,1,,HCA4_22,,,
375,19/5/1721,1721,,Triple Allyance,Phillip Terreyn,50,25,40,65,,,,,,,1,,HCA4_22,,,
376,13/9/1733,1733,,Colebys Adventure,William Rupon,200,300,117,417,,,,,,,1,,HCA4_23,,,
377,5/7/1733,1733,,Anne,John Thomas,200,350,210,560,,,,,,,1,,HCA4_23,,,
378,22/2/1728,1728,,Sea Flower,Lancelott Colson,85,50,4,54,,,,,,,1,,HCA4_23,,,
379,24/1/1728,1728,,Edward of London,Edward Whitacket,180,540,85,625,London,,,,,,1,,HCA4_23,,,
380,20/1/1728,1728,,Oxford,Thomas Watson,110,220,85,305,,,,,,,1,,HCA4_23,,,
381,2/12/1728,1728,,Elizabeth and Anne/John and Sarah,James Phillpoot,40,15,5,20,,,,,,,1,,HCA4_23,,,
382,2/12/1728,1728,,Lucy,Thomas Harry,210,140,170,310,,,,,,,1,,HCA4_23,,,
383,12/11/1728,1728,,Expedition,John Bradshaw,110,110,35,145,,,,,,,1,,HCA4_23,,,
384,25/6/1728,1728,,Princess Snow,Charles Roberts,50,20,10,30,,,,,,,1,,HCA4_23,,,
385,11/4/1728,1728,,Charles,William Squier,90,75,60,135,,,,,,,1,,HCA4_23,,,
386,21/3/1727,1727,,Joseph and Sarah,Joseph Foster,65,40,43,83,,,,,,,1,,HCA4_23,,,
387,19/2/1725,1725,,Sarah Snow,Robert Walter,,10,93,103,Bristol,,,,,,1,,HCA4_23,,,
388,15/2/1725,1725,,Joseph,Arthur Smith Crispin,160,200,110,310,,,,,,,1,,HCA4_23,,,
389,5/3/1725,1725,,Sarah,Thomas Jackson,170,100,125,225,,,,,,,1,,HCA4_23,,,
390,,1725,,Success Snow of Cork,Maurice Power,50,40,73,113,Bristol,,,,,,1,,HCA4_23,,,
391,4/5/1726,1726,,John Sloop,John Conney,35,53,12,65,,,,,,,1,,HCA4_23,,,
392,20/5/1726,1726,,George and Nathaniel,Henry Bradley,70,65,35,100,,,,,,,1,,HCA4_23,,,
393,12/11/1726,1726,,Clover/Expedition Sloope,John Lock,44,60,24,84,,,,,,,1,,HCA4_23,,,
394,22/3/1726,1726,,Expedition Sloop,John Peircy,50,53,21,74,,,,,,,1,,HCA4_23,,,
395,17/4/1727,1727,,Hannah & Elizabeth/King George,John Vichers,152,190,201,391,,,,,,,1,,HCA4_23,,,
396,17/4/1727,1727,,John and Elizabeth,Joseph Smith,150,169,198,367,,,,,,,1,,HCA4_23,,,
397,30/5/1727,1727,,Henry and Jane,Babington Cooke,120,156,95,251,,,,,,,1,,HCA4_23,,,
398,6/7/1727,1727,,John and Elizabeth,Joseph Smith,150,75,140,215,,,,,,,1,,HCA4_23,,,
399,21/11/1727,1727,,Adventure,William Hydes,116,72,68,140,,,,,,,1,,HCA4_23,,,
400,6/1/1727,1727,,Anne,Samuel Bardac?,48,64,30,94,,,,,,,1,,HCA4_23,,,
401,20/7/1728,1728,,Three Friends,Christopher Wigs,52,63,11,74,,,,,,,1,,HCA4_23,,,
402,4/5/1733,1733,,Friend Love,Edward Burt,130,97,88,185,,,,,,,1,,HCA4_23,,,
403,2/5/1733,1733,,Hopewell,James Birch,55,151,13,164,,,,,,,1,,HCA4_23,,,
404,3/11/1732,1732,,Nassau,Michael Grow,60,75,65,140,,,,,,,1,,HCA4_23,,,
405,3/11/1732,1732,,Farrand Sloop,Samuel Grice,100,100,30,130,,,,,,,1,,HCA4_23,,,
406,24/6/1732,1732,,Mervine Snow,Alexander Thompson,70,140,70,210,,,,,,,1,,HCA4_23,,,
407,20/6/1732,1732,,William and Thomas,Thomas Way,50,63,16,79,,,,,,,1,,HCA4_23,,,
408,8/6/1732,1732,,Samuel,Adam Blackston,185,185,117,302,,,,,,,1,,HCA4_23,,,
409,5/6/1732,1732,,Chendel Castle,Thomas Evans,60,210,68,278,,,,,,,1,,HCA4_23,,,
410,19/5/1732,1732,,John and Anne,John Scott,110,193,57,250,,,,,,,1,,HCA4_23,,,
411,19/5/1732,1732,,John and Mary,John Brabin,50,13,18,31,,,,,,,1,,HCA4_23,,,
412,15/5/1732,1732,,Malaga Merchant,Edward Hart,90,45,55,100,,,,,,,1,,HCA4_23,,,
413,2/3/1731,1731,,Williamsburgh,Peter Hannar,540,541,509,1050,,,,,,,1,,HCA4_23,,,
414,4/2/1731,1731,,Winchester Merchant,Zachariah Newell,80,97,48,145,,,,,,,1,,HCA4_23,,,
415,4/2/1731,1731,,Figura Merchant,John Peircy,80,32,43,75,,,,,,,1,,HCA4_23,,,
416,1/1/1731,1731,,Richmond Brigantine,John Mannonry,95,152,63,215,,,,,,,1,,HCA4_23,,,
417,22/11/1731,1731,,Seawell,Charles Ashwell,150,113,102,215,,,,,,,1,,HCA4_23,,,
418,22/11/1731,1731,,William and Mary,Walter Gray,25,50,27,77,,,,,,,1,,HCA4_23,,,
419,22/11/1731,1731,,Seafisher,John Browne,50,75,55,130,,,,,,,1,,HCA4_23,,,
420,22/11/1731,1731,,Mermaid,William Burges,45,68,47,115,,,,,,,1,,HCA4_23,,,
421,3/11/1731,1731,,William,Robert Saunderson,100,250,110,360,,,,,,,1,,HCA4_23,,,
422,9/9/1731,1731,,Richmond Sloop,John Hutton,165,300,141,441,,,,,,,1,,HCA4_23,,,
423,6/7/1731,1731,,Anna,Henry Mackett,140,70,55,125,,,,,,,1,,HCA4_23,,,
424,14/6/1731,1731,,Charming Nancy,Benjamine Mernes,60,75,28,103,,,,,,,1,,HCA4_23,,,
425,21/5/1731,1731,,Wheatcheaf,Richard Blacklock,120,163,92,255,,,,,,,1,,HCA4_23,,,
426,3/5/1731,1731,,John and Mary,James Jane,42,34,24,58,,,,,,,1,,HCA4_23,,,
427,28/4/1731,1731,,London Sloop,John Latham,90,135,58,193,,,,,,,1,,HCA4_23,,,
428,14/4/1731,1731,,Favourit Snow,Thomas Headding,60,90,24,114,,,,,,,1,,HCA4_23,,,
429,11/3/1730,1730,,Providence,John Ruthedge,90,65,52,117,,,,,,,1,,HCA4_23,,,
430,4/2/1730,1730,,Linnet,John Bath,60,100,50,150,,,,,,,1,,HCA4_23,,,
431,20/1/1730,1730,,Barcelona Gally,Peter Davis,160,200,120,320,,,,,,,1,,HCA4_23,,,
432,23/10/1730,1730,,Battle,George Fellows,50,35,8,43,,,,,,,1,,HCA4_23,,,
433,30/7/1730,1730,,Rose,Elisha Shingfellow,165,146,84,230,,,,,,,1,,HCA4_23,,,
434,9/7/1730,1730,,Benjamine Sloop,Peter Bedlow,80,120,58,178,,,,,,,1,,HCA4_23,,,
435,4/3/1729,1729,,Susannah Gally,William Warden,170,319,131,450,,,,,,,1,,HCA4_23,,,
436,4/2/1729,1729,,Berkeshire Gally,Henry Newton,95,142,73,215,,,,,,,1,,HCA4_23,,,
437,23/10/1729,1729,,George,David Ellis,110,110,65,175,,,,,,,1,,HCA4_23,,,
438,1/6/1738,1738,,Endeavour,Robert Bateson,70,106,39,145,,,,,,,1,,HCA4_24,,,
439,10/7/1739,1739,,Philippa,James Davy,80,60,30,90,,,,,,,1,,HCA4_24,,,
440,6/9/1739,1739,,John,John Jeffreys,100,60,50,110,,,,,,,1,,HCA4_24,,,
441,18/7/1738,1738,,Hare,George Meet,80,43,54,97,,,,,,,1,,HCA4_24,,,
442,3/11/1738,1738,,Caroline Merchant,A?iah Sandwell,100,85,65,150,,,,,,,1,,HCA4_24,,,
443,3/11/1738,1738,,Mollineux,John Tucker,120,100,80,180,,,,,,,1,,HCA4_24,,,
444,6/6/1737,1737,,Success,Curling Bax,140,140,80,220,,,,,,,1,,HCA4_24,,,
445,8/12/1737,1737,,John,William Darracott,90,135,65,200,,,,,,,1,,HCA4_24,,,
446,22/2/1738,1738,,Whittington Snow,John Griffith,120,60,135,195,,,,,,,1,,HCA4_24,,,
447,1/3/1738,1738,,Princess of Braziel,Robert Wallis,120,60,35,95,,,,,,,1,,HCA4_24,,,
448,22/11/1739,1739,,John and Martha,Henry Nichols,170,340,130,470,,,,,,,1,,HCA4_24,,,
449,20/1/1740,1740,,Endeavour,John Debbett,30,15,19,34,,,,,,,1,,HCA4_24,,,
450,7/6/1741,1741,,Walter and Hester Brigantine,John Newton,,105,33,138,Padstow,,,,,,1,,HCA4_24,,,
451,16/7/1741,1741,,William and Mary,William Ettierington?,140,210,50,260,,,,,,,1,,HCA4_24,,,
452,3/11/1741,1741,,Jasper Snow,William Cusling,130,48,97,145,,,,,,,1,,HCA4_24,,,
453,22/11/1739,1739,,Good Hope,Marling Forlang,70,175,50,225,,,,,,,1,,HCA4_24,,,
454,29/10/1739,1739,,Jonas nad Mary,Richard Coall,60,50,15,65,,,,,,,1,,HCA4_24,,,
455,4/10/1739,1739,,Saint George,Mortimer Coveny,140,210,85,295,,,,,,,1,,HCA4_24,,,
456,3/3/1736,1736,,Bush River Merchant,Samuel Gray,150,178,127,305,,,,,,,1,,HCA4_24,,,
457,15/2/1736,1736,,John,John Griffin,150,116,44,160,,,,,,,1,,HCA4_24,,,
458,9/9/1736,1736,,Friendship,Ebden Sprats,170,100,60,160,,,,,,,1,,HCA4_24,,,
459,14/7/1736,1736,,Sarah,William Hanton,125,150,45,195,,,,,,,1,,HCA4_24,,,
460,6/7/1736,1736,,Russell,William Gibson,140,165,85,250,,,,,,,1,,HCA4_24,,,
461,16/2/1735,1735,,Hannover,John Petch,160,96,59,155,,,,,,,1,,HCA4_24,,,
462,16/2/1735,1735,,Diligence,Henry Ayton,95,76,74,150,,,,,,,1,,HCA4_24,,,
463,12/11/1735,1735,,Mary,Edward Campion,80,80,35,115,,,,,,,1,,HCA4_24,,,
464,23/10/1735,1735,,Charming Mally,Abraham van Hoegardine,100,150,50,200,,,,,,,1,,HCA4_24,,,
465,19/9/1735,1735,,Mermaid,Hugh Crawford,250,560,250,810,,,,,,,1,,HCA4_24,,,
466,18/8/1735,1735,,John & Elizabeth,John Stevens,45,45,11,56,,,,,,,1,,HCA4_24,,,
467,18/7/1735,1735,,Two Brothers,Samuel P?cas,45,113,35,148,,,,,,,1,,HCA4_24,,,
468,1/7/1735,1735,,Olive Branch,William Leveris,250,150,6,156,,,,,,,1,,HCA4_24,,,
469,17/6/1735,1735,,Happy Return of Stockton,William Burrell,80,105,44,149,,,,,,,1,,HCA4_24,,,
470,13/1/1734,1734,,Providence,Joseph Joyely,40,30,19,49,,,,,,,1,,HCA4_24,,,
471,10/12/1734,1734,,Sea Nymph,William Burrish,120,70,70,140,,,,,,,1,,HCA4_24,,,
472,21/11/1734,1734,,Saint George,William Manning,140,140,85,225,,,,,,,1,,HCA4_24,,,
473,21/11/1734,1734,,Oxford,John Foe,40,50,25,75,Oxford,,,,,,1,,HCA4_24,,,
474,14/9/1734,1734,,John and Sarah,John Hill,60,50,10,60,,,,,,,1,,HCA4_24,,,
475,11/7/1734,1734,,Charming Nancy of London,George Rawlings,32,45,35,80,London,,,,,,1,,HCA4_24,,,
476,17/7/1734,1734,,Cartrett Sloop,John Cartrett,80,340,65,405,,,,,,,1,,HCA4_24,,,
477,11/7/1734,1734,,Lucy of Liverpool,Thomas Richardson,140,245,65,310,Liverpool,,,,,,1,,HCA4_24,,,
478,24/5/1734,1734,,Friends Adventure,,31,69,41,110,,,,,,,1,,HCA4_24,,,
479,22/4/1734,1734,,Elizabeth,Edward Hodgson,140,315,84,399,,,,,,,1,,HCA4_24,,,
480,17/4/1734,1734,,Morton Acres,Thomas Foster,220,220,140,360,,,,,,,1,,HCA4_24,,,
481,5/3/1733,1733,,Betty of Hayle,George Frosh,45,32,28,60,Hayle,,,,,,1,,HCA4_24,,,
482,22/11/1733,1733,,May Flower,Peter Barker,300,825,216,1041,,,,,,,1,,HCA4_24,,,
483,12/7/1804,1804,,Claranna,,,,,,Papenburgh,Portsmouth,,,,,1,HMS Ant,HCA30_777,not appraisal record,,
484,12/7/1804,1804,,Juan,,,,,,Spain,Portsmouth,,,,,1,HMS Blanche Zachary,HCA30_777,not appraisal record,,
485,12/7/1804,1804,,Frau Catharina,,,,,,Denmark,Portsmouth,,,,,1,HMS Blanche Zachary,HCA30_777,not appraisal record,,
486,12/7/1804,1804,,Charitas,,,,,,Hamburg,Portsmouth,,,,,1,HMS Blanche Zachary,HCA30_777,not appraisal record,,
487,12/7/1804,1804,,Gustava,,,,,,Sweden,Plymouth,,,,,1,HMS Acasta,HCA30_777,not appraisal record,,
488,12/7/1804,1804,,Margaretha Elizabeth,Christian Kuntz,,,,,Denmark,Portsmouth,,,,,1,HMS Perseus,HCA30_777,not appraisal record,,
489,22/6/1803,1803,,Ocean,,,,,,Denmark,Plymouth,,,,,1,HMS Atlanta,HCA30_777,not appraisal record,,
490,27/6/1803,1803,,Jonge Lydia,,,,,,Netherlands,,,,,,1,,HCA30_777,not appraisal record,,
491,1/7/1803,1803,,Vrouw Jantje,,,,,,Batavia,Plymouth,,,,,1,HMS Acasta,HCA30_777,not appraisal record,,
492,4/7/1803,1803,,St Jago,,,,,,Netherlands,London,,,,,1,HMS Salvador del Mundo,HCA30_777,not appraisal record,,
493,20/7/1803,1803,,Zorgwyk,Marcus Klaases Smidt,,,,,Batavia,,,,,,1,HMS Acasta,HCA30_777,not appraisal record,,
494,12/8/1803,1803,,Reyzende Zon,Gerrit Alberts,,,,,,,,,,,1,,HCA30_777,not appraisal record,,
495,12/9/1803,1803,,La Purissima Conception,,,,,,Spain,Falmouth,,,,,1,Regulus,HCA30_777,not appraisal record,,
496,12/9/1803,1803,,San Juan Baptista,,,,,,Spain,Falmouth,,,,,1,Regulus,HCA30_777,not appraisal record,,
497,29/10/1803,1803,,Nuestra Senora de los Dolores,,,,,,Spain,Cork,,,,,1,Dragon,HCA30_777,not appraisal record,,
498,27/11/1799,1799,,Neptune,Matthew Daigre,,197,1176,1373,,,,,,,1,,HCA_42,"cargo: cotton, cocoa, and coffee; original amounts in Bermuda currency",,
499,2/10/1799,1799,,Nancy,William Ilsley,84,675,1270,1945,,,William Ilsley,Enoch Ilsley,David Ilsley,Thomas Brown,1,Maria,HCA_42,,,
500,6/4/1801,1801,,San Antonio,Luis Dauquemenel,,,,1401,,,,,,,1,,HCA_42,assume that amounts in original are in spanish currency,,
501,26/6/1793,1793,,Thetis,Samuel Poor,,,78,,Salsbury, USA,saint domingue,,,,,1,,HCA_42,,
502,1/4/1779,1779,,Prudent,,,,,13613,France,,,,,,1,Gregson,C114_36,,,
503,4/3/1779,1779,,Aigle,,,900,5428,6328,France,,,,,,1,Ellis,C114_36,,,
504,4/3/1779,1779,,Ville du Cap,,,1100,17507,18607,France,,,,,,2,Ellis, Gregson,C114_36,,
505,23/3/1797,1797,,Alice,Samuel Rider,65,450,1576,2026,,,,,,,1,,HCA30_561,,,
506,,1800,,Amelia,Dominique Campous,250,459,675,1134,,,,,,,1,,HCA30_561,,,
507,1/4/1802,1802,,Adeline,Daniel Tear,69,350,1414,1764,,,,,,,1,,HCA30_561,,,
508,1/4/1802,1802,,Alexander,Jacob Akerman,,,,10029,,,,,,,1,,HCA30_561,,,
509,1/2/1802,1802,,Betsey,,76,400,1013,1413,,,,,,,1,,HCA30_561,,,
510,1/10/1802,1802,,Clio,Jon O'Sady,124,650,3535,4185,,,,,,,1,,HCA30_561,,,
511,,1802,,Cygnet,George Bray,,,,,,,,,,,1,,HCA30_561,,,
512,1/3/1802,1802,,Catharina Magdalena,H Ahrens,,,2590,,,,,,,,1,,HCA30_561,,,
513,,1802,,Copenhagen,John Mullens,,,32307,,,,,,,,1,,HCA30_561,,,
514,1/6/1802,1802,,Carolina Wilhelmina,Dirk Henskene,,,912,,,,,,,,1,,HCA30_561,,,
515,1/10/1799,1799,,David George,John Fryer,,,540,,,,W. Phelps,,,,1,,HCA30_561,,,
516,,1790,,Driver,William Cashman,70,300,1663,1963,,,,,,,1,,HCA30_561,,,
517,1/11/1803,1803,,Greenfield,James Stevenson,136,350,3741,4091,,,,,,,1,,HCA30_561,,,
518,1/3/1802,1802,,Friendship,Peter Odline,,,1972,,,,,,,,1,,HCA30_561,,,
519,1/5/1802,1802,,Farnham,John Hutchins,45,180,2755,2935,,,,,,,1,,HCA30_561,,,
520,1/8/1802,1802,,Felicity,Hulings Cowperthwaite,92,350,4630,4980,,,,,,,1,,HCA30_561,,,
521,1/2/1802,1802,,Huldah,James Miller,63,200,2755,2955,,,,,,,1,,HCA30_561,,,
522,1/5/1802,1802,,Henry,A Bunker,229,1500,,,,,,,,,1,,HCA30_561,,,
523,31/12/1803,1803,,Kitty Hannah,P Hudson,,1005,,,,,,,,,1,,HCA30_561,,,
524,1/4/1804,1804,,Independence,N Hopkins,49,400,553,953,,,,,,,1,,HCA30_561,,,
525,1/4/1804,1804,,Industry,Henry Palmer,417,2100,1350,3450,,,,,,,1,,HCA30_561,,,
526,1/2/1804,1804,,James,J Palmer,80,400,2945,3345,,,,,,,1,,HCA30_561,,,
527,1/2/1804,1804,,Julia,William Nicholl,,,3633,,,,,,,,1,,HCA30_561,,,
528,1/5/1802,1804,,Julius Caesar,Benjamin Ward,106,600,3152,3752,,,,,,,1,,HCA30_561,,,
529,1/5/1802,1804,,Illinois,Absolam Leager Vernon,103,250,1654,1904,,,,,,,1,,HCA30_561,,,
530,1/5/1802,1804,,Lewis,William Dixon,122,1100,494,1594,,,,,,,1,,HCA30_561,,,
531,1/5/1804,1804,,Mary,Richard Marner,,518,1941,2459,,,,,,,1,,HCA30_561,,,
532,1/12/1803,1803,,Maria,Ephraim Pease,56,225,1083,1308,,,,,,,1,,HCA30_561,,,
533,1/5/1802,1802,,Minerva,Lord Salisbury,120,800,6303,7103,,,,,,,1,,HCA30_561,,,
534,1/2/1802,1802,,Malabar,Isaac Da Costa,126,550,3784,4334,,,,,,,1,,HCA30_561,,,
535,1/5/1802,1802,,Nancy,Thomas Norton,82,400,1473,1873,,,,,,,1,,HCA30_561,,,
536,1/2/1802,1802,,Patuxent,Charles Harrison,67,300,2180,2480,,,,,,,1,,HCA30_561,,,
537,,1802,,Perseverence,James Byrne,92,550,,,,,,,,,1,,HCA30_561,,,
538,1/5/1802,1802,,Ruby,James Sampson,102,900,5706,6606,,,,,,,1,,HCA30_561,,,
539,1/3/1804,1804,,Rebecca,Robert Dunberry,129,1100,1957,3057,,,,,,,1,,HCA30_561,,,
540,1/2/1802,1802,,Sisters,Arthur Smith,54,250,859,1109,,,,,,,1,,HCA30_561,,,
541,1/2/1802,1802,,Sally,John Hands,80,500,2425,2925,,,,,,,1,,HCA30_561,,,
542,1/1/1704,1704,,Vreede,John Jelleson,,290,375,665,,Plymouth,,,,,1,HMS Lime,HCA32_1834,,,
543,23/7/1702,1702,,Virton Violon,,140,232,242,474,,London,,,,,1,HMS Bebtford,HCA32_1834,,,
544,5/10/1702,1702,,Vierge,John Thomas,120,235,231,466,Bordeaux,,,,,,1,HMS Reserve,HCA32_1834,,,
545,2/8/1811,1811,,Anna,? Palmer,,600,2015,2615,,,,,,,1,,HCA30_774,,,
546,20/8/1811,1811,,Carl & Rosina,? Notzel,,,12181,,,,,,,,1,,HCA30_774,,,
547,3/5/1803,1803,,Copenhagen,John Mullins,,,32307,,,,,,,,1,,HCA30_774,,,
548,2/8/1811,1811,,Favorite,? Foster,,1200,8242,9442,,,,,,,1,,HCA30_774,,,
549,,1811,,Fortuna,Jacob Christian Jebson,,,2182,,,,,,,,1,,HCA30_774,,,
550,1/1/1811,1811,,Huron,? Hill,,1104,159,1263,,,,,,,1,,HCA30_774,,,
551,,1811,,Harregaard,P Peterson,,,,19617,Denmark,,,,,,1,,HCA30_774,,,
552,25/7/1815,1815,,Jonge Clara,,,,,6867,,,,,,,1,HMS Barbados,HCA30_774,,,
553,1/2/1817,1817,,Lord Melville,Halliburton,,,,1750,,,,,,,1,,HCA30_774,,,
554,26/7/1805,1805,,Madonna della Salute,Claich,,,,4008,,,,,,,1,,HCA30_774,,,
555,19/11/1805,1805,,Nuestra Senora de la Victoria,Manuel Duarte da Silva,90,750,6050,6800,,,,,,,1,,HCA30_774,,,
556,26/9/1796,1796,,Providentia,Andreas Hornbeck,,,7273,,,,,,,,1,,HCA30_774,,,
557,28/5/1802,1802,,Montgomery,,,162,596,758,,Cape of Good Hope,,,,,1,[unknown],HCA49,Rix Dollars converted to pounds (5Rd=1pound),,
558,28/5/1802,1802,,Surprize,,,90,54,144,France,Cape of Good Hope,,,,,1,[unknown],HCA49,Rix Dollars converted to pounds (5Rd=1pound),,
559,28/5/1802,1802,,La Prudente,,,,,7638,France,Cape of Good Hope,,,,,1,[unknown],HCA49,Rix Dollars converted to pounds (5Rd=1pound),,
560,28/5/1802,1802,,Pacific,,,,9900,,France,Cape of Good Hope,,,,,1,[unknown],HCA49,Rix Dollars converted to pounds (5Rd=1pound),,
561,15/4/1802,1802,,Buen Jardin,,,,795,,,Cape of Good Hope,,,,,1,[unknown],HCA49,Rix Dollars converted to pounds (5Rd=1pound),,
562,15/4/1802,1802,,[unknown],,,,290,,,Cape of Good Hope,,,,,1,[unknown],HCA49,Rix Dollars converted to pounds (5Rd=1pound),,
563,22/12/1801,1801,,La Raisonable,,,,7351,,France,Cape of Good Hope,,,,,1,[unknown],HCA49,Rix Dollars converted to pounds (5Rd=1pound),,
564,15/4/1802,1802,,L'Amitie,,,,675,,France,Cape of Good Hope,,,,,1,[unknown],HCA49,Rix Dollars converted to pounds (5Rd=1pound),,
565,15/4/1802,1802,,Nuestra Senora de Monserrat,,,,1512,,Spain,Cape of Good Hope,,,,,1,[unknown],HCA49,Rix Dollars converted to pounds (5Rd=1pound),,
566,15/4/1802,1802,,Les Deux Cousines,,,500,181,681,France,Cape of Good Hope,,,,,1,[unknown],HCA49,Rix Dollars converted to pounds (5Rd=1pound),,
567,13/7/1802,1802,,Le Courier de Seychelles,,,,712,,France,Cape of Good Hope,,,,,1,[unknown],HCA49,Rix Dollars converted to pounds (5Rd=1pound),,
568,13/7/1802,1802,,Charlotte,J M Dumaine,,720,1162,1882,France,Cape of Good Hope,,,,,1,[unknown],HCA49,Rix Dollars converted to pounds (5Rd=1pound),,
569,13/7/1802,1802,,Anna,,,,2318,,France,Cape of Good Hope,,,,,1,[unknown],HCA49,Rix Dollars converted to pounds (5Rd=1pound),,
570,13/7/1802,1802,,Diane,,,289,886,1176,France,Cape of Good Hope,,,,,1,[unknown],HCA49,Rix Dollars converted to pounds (5Rd=1pound),,
571,15/7/1802,1802,,Glaucus,,,321,4812,5133,France,Cape of Good Hope,,,,,1,[unknown],HCA49,Rix Dollars converted to pounds (5Rd=1pound),,
572,14/7/1802,1802,,Santa Fortunata,,,,,1330,Spain,Cape of Good Hope,,,,,1,[unknown],HCA49,Rix Dollars converted to pounds (5Rd=1pound),,
573,19/12/1799,1799,,Rose,,,455,4416,4871,,Cape of Good Hope,,,,,1,[unknown],HCA49,Rix Dollars converted to pounds (5Rd=1pound),,
574,19/11/1801,1801,,St Josef y Animas,,,,,12765,Spain,Cape of Good Hope,,,,,1,[unknown],HCA49,Rix Dollars converted to pounds (5Rd=1pound),,
575,26/6/1800,1800,,Bien Fait,,,,,1244,France,Cape of Good Hope,,,,,1,[unknown],HCA49,Rix Dollars converted to pounds (5Rd=1pound),,
576,15/5/1800,1800,,Benjamin,,,431,3438,3869,France,Cape of Good Hope,,,,,1,[unknown],HCA49,Rix Dollars converted to pounds (5Rd=1pound),,
577,26/6/1800,1800,,Nuestra Senora del Carmen,,,781,5799,6580,Spain,Cape of Good Hope,,,,,1,[unknown],HCA49,Rix Dollars converted to pounds (5Rd=1pound),,
578,20/12/1799,1799,,Desiree,? Le Noir,,,,2950,France,Cape of Good Hope,,,,,1,[unknown],HCA49,Rix Dollars converted to pounds (5Rd=1pound),,
579,13/6/1799,1799,,Santa Rosa,,,,,1871,Spain,Cape of Good Hope,,,,,1,[unknown],HCA49,Rix Dollars converted to pounds (5Rd=1pound),,
580,23/2/1801,1801,,Numero Sete,,,206,4286,4492,Spain,Cape of Good Hope,,,,,1,[unknown],HCA49,Rix Dollars converted to pounds (5Rd=1pound),,
581,6/6/1801,1801,,Angelo,,,,,3266,Spain,Cape of Good Hope,,,,,1,[unknown],HCA49,Rix Dollars converted to pounds (5Rd=1pound),,
582,19/3/1758,1758,,constantia,torres toft,200,,5685,,denmark,portsmouth,james benson,paul benson,william bryan,abraham spence,1,fox,HCA 45/1,not clear in which dollars the value of the cargo is expressed; I assume Spanish dollars,,
583,24/1/1758,1758,,de hoop,jakob keetel,400,737,3049,3786,netherlands,jamaica,cornelius bakker,simon de graaf,jakob keetel,,1,blenheim,HCA 45/1,,,
584,24/1/1758,1758,,fortuyne,jacob gerard,,,3795,,netherlands,jamaica,jan cossart,jacob cossart,elizabeth hamilton,jan gerard,1,sturdy beggar,HCA 45/1,,,
585,6/3/1758,1758,,rebecca,mark horton,56,,3128,,netherlands,antigua,mark horton,peter simmons,,,1,charles,HCA 45/1,taker claims that ship was carrying goods to a French settlement and therefore was taken lawfully,,
586,7/8/1757,1757,,good christian,anthony plow,80,,4796,,denmark,wilmington,peter heyligar,,,,1,cape-fear hawk,HCA 45/5,,,
587,16/4/1758,1758,,speedwell,richard harton,48,256,676,932,netherlands,antigua,richard harton,johanna dinsey,john beaks,oliver oyen,1,spitfire,HCA 45/5,,,
588,16/4/1758,1758,,st. fernando,nicholas hilkes,,,,,netherlands,new york,nicholas hilkes,hendrick coecq,caesar sardy,jouaneaulx,1,royal esther,HCA 45/5,,,
589,26/1/1758,1758,,sainte maria,roeloff robyn,300,,10526,,netherlands,new york,roeloff robyn,jan testas,,,1,general johnson,HCA 45/5,,,
590,14/9/1762,1762,,friendship,francis parrett,70,,,,jamaica,jamaica,abraham pereira mendez,david pereira mendez,,,1,westmoreland,HCA 45/5,,,
591,16/1/1763,1763,,la vigilante,charles la cour,,,,14585,france,new york,charles la cour,,,,1,mars,HCA 45/5,,,
592,,1758,,saint thomas,dirk pieter thamen,,,3275,,,,alexander oliviero,joseph massahod,,,1,tartar,HCA 45/5,,,
593,,1759,,general murray,james lepage,,,2001,,britain,,charles de carterat,thomas pryaulx,,,1,charlotte,HCA 45/5,,,
594,7/6/1779,1779,,st. croix,bartholomew grazan,,,,,france,trieste,antoine bierens,daniel bierens,france,,1,tartar,HCA 45/10,appelants claim prize was taken unlawfully because it was taken in harbor, not in open waters,
595,28/1/1781,1781,,commerce,gerrit zowe,,,73415,,netherlands,barbados,john french,andrew darey,,,1,favorite,HCA 45/10,captain Lock was ill on shore when prize was captured; he was dead by time of appeal; executionaer of his will is claiming that prize rightfully belonged to captain Lock,,
596,26/1/1781,1781,,de twee gebroeders,anke rinkes,,,7151,,netherlands,plymouth,john ralph battier,william mair,johannes walther van halder,george walther van halder,1,british lyon,HCA 45/10,,,
597,1/1/1781,1781,,de snelle zeylder,pieter hansen leeiw,,,,,netherlands,mount's bay,imanuel cortissos,pieter hansen leeiw,,,1,phoenix,HCA 45/10,appelants claim capture was unlawful because owners of cargo are Danish and British subjects,,
598,8/2/1781,1781,,de vrouw gertruyda,jans janse rowaan,200,,6451,,netherlands,cork,emanuel philip bize,emanuel bientz,heyder,christopher bourcard,1,spitfire,HCA 45/10,,,
599,,1781,,san luis alia el alesandro,batholomew toutant beauregard,,,722,,,,peter paul vanden busche,,,,1,king george,HCA 45/10,,,
600,22/8/1781,1781,,schwerdt fisch,jacob hackaerdt,400,,7651,,sweden,liverpool,erdmann gottlob schroeder,christian eckerdt,,,1,lightning,HCA 45/10,,,
601,7/3/1781,1781,,de twee gesusters,henricus jubbe brehoff,124,,3654,,netherlands,falmouth,joseph de la ville le roulx,,,,1,bird,HCA 45/10,,,
602,20/6/1781,1781,,de margaretha dorothea & catherina,gerrit springers,154,,,,netherlands,liverpool,vander keen,,,,1,sir joseph yorke,HCA 45/10,argument is over whether ship was taken before or after war was declared,,
603,2/4/1781,1781,,de hollands welvaart,johannes volkerts,,,15368,,netherlands,limerick,david de aguilar,anthony songa,sebastian fridag,william mair,1,eleanora,HCA 45/10,captors claim that prize was later burned by american privateer,,
604,18/1/1781,1781,,de goede thee boom,hark out,120,,4029,,netherlands,liverpool,samuel chollet,alexander wardrobe,,,1,essex,HCA 45/10,,,
605,25/8/1780,1780,,endeavour,john bowyer,,,712,,netherlands,monserrat,john bowyer,william harper,,,1,alarm,HCA 45/10,captor claims good were damaged after capture and he got just 235 pounds from sale,,
606,26/10/1780,1780,,saint francisco de paula,joseph vicich,,,8739,,germany,minorca,francisco tomassick,,,,1,trimmer,HCA 45/10,,,
607,28/10/1780,1780,,vrouw adriaana,jan claasz,86,,,,netherlands,minorca,degalz,degalz,degalz,loquet,1,trimmer,HCA 45/10,,,
608,20/11/1779,1779,,nuestra senora de buen consejo,juan josef de espalata,1000,,,86122,spain,lisbon,,,,,1,resolution,HCA 45/15,this is a dispute between the captors about how they should divide the prize,,
609,13/2/1783,1783,,karel den vyfden,jean gaston,430,4423,,,germany,tortola,famin,rigoult,,,1,regulator,HCA 45/15,,,
610,28/3/1783,1783,,neustra senhora des carmes,matthew francisco lima,202,,67519,,portugal,tortola,pierre gavannon,,,,1,vulture,HCA 45/15,,,
611,14/1/1781,1781,,hendrick and jacob,johann christopher rabe,,,,,germany,falmouth,george frederick pauly,jacob balthers,gerhard iven,van zeller,1,little ben,HCA 45/15,,,
612,17/11/1780,1780,,de margaretha dorothea & catherina,gerrit springers,154,,15612,,netherlands,mahon,corneliud vander keen,j voorkhumer,c v d hoeven,j v spyk,1,hector,HCA 45/15,,,
613,4/3/1781,1781,,de vleyt,claas ehlers,130,,10135,,netherlands,penryn,von obwexer,von obwexer,,,1,lookout,HCA 45/15,,,
614,,1781,,de vrouw maria,ephraim radau,,,3361,,netherlands,,von obwexer,von obwexer,,,1,spitfire,HCA 45/15,,,
615,12/4/1783,1783,,saint zacharias,antonio roiz veloso,,,3647,,portugal,bermuda,f bird,marc antonio lambert,,,1,eagle,HCA 45/15,prize was returned to captain; the dispute is over the terms of return,,
616,2/8/1794,1794,,betsey,jacob betterton,82,,3379,,usa,bermuda,john reed,standish forde,,,1,experiment,HCA 45/20,,,
617,30/10/1794,1794,,salome,hugh wasson,168,,2786,,usa,bermuda,ambrose vasse,james venuxham,,,1,duke of york,HCA 45/20,,,
618,8/10/1793,1793,,maryland,john stran,94,1210,8925,10135,usa,,john stran,,,,1,prince of wales,HCA 45/20,,,
619,25/8/1794,1794,,atalanta,john waterman,94,,43793,,usa,bermuda,william shaler,david gelston,nathaniel ingraham,tudwell jackson,1,duke of york,HCA 45/20,,,
620,11/8/1794,1794,,john,john pollard,169,,7646,,usa,bermuda,daniel william coxe,lewis simond,francis frank,john reed,1,experiment,HCA 45/20,,,
621,6/4/1794,1794,,jane,thomas lillibridge,133,,129497,,usa,bermuda,james vanuxem,,,,1,experiment,HCA 45/20,,,
622,20/10/1793,1793,,nancy,william howland powers,80,,4763,,usa,jamaica,david mumford,gurdon mumford,jedidiah leeds,,1,scorpion,HCA 45/20,,,
623,5/9/1793,1793,,fair lady,robert lillibridge,,,5746,,usa,bermuda,mathew martineau,,,,1,hope,HCA 45/20,,,
624,30/11/1793,1793,,lydia,samuel rinker,102,,1742,,usa,jamaica,stephen dulith,john godfried wachsmuth,,,1,fancy,HCA 45/20,,,
625,21/7/1793,1793,,nancy,joseph brown,157,,71959,,usa,jamaica,john godfrey wacksmuth,,,,1,little ann,HCA 45/20,,,
626,7/10/1793,1793,,juno,archibald maxwell,95,,21139,,usa,bahamas,peter le maigre,james mackenzie,,,1,flying fish,HCA 45/20,,,
627,21/8/1793,1793,,hope,william moodie,175,,116035,,usa,bahamas,william moodie,peter le maigre,,,1,gruper,HCA 45/20,,,
628,15/6/1793,1793,,flora,thomas arnold,126,,1516,,usa,jamaica,thomas arnold,louis crousillac,,,1,little ann,HCA 45/20,,,
629,16/12/1793,1793,,lydia,james cassell,143,,,,usa,montserrat,thomas dennie,daneil sargent,benjamin coolage,,1,lydia,HCA 45/20,,,
630,8/8/1795,1795,,hope,henry bates,55,,64101,,usa,bermuda,henry bates,,,,1,favorite,HCA 45/25,,,
631,2/8/1795,1795,,two friends,samuel williams,371,,630059,,usa,bermuda,john swanwick,,,,1,favorite,HCA 45/25,,,
632,10/2/1794,1794,,falmouth,james tracy,100,,,,usa,montserrat,william stewart,james tracy,,,1,experiment,HCA 45/25,,,
633,15/3/1794,1794,,betsy,abiel hatheway,50,,12797,,usa,bermuda,david low,zebulon stanwood,abiel hatheway,,1,fanny and betsy,HCA 45/25,,,
634,21/6/1795,1795,,dolly,thomas smith,54,,650,,usa,bermuda,thomas smith,smith clarke,benjamin williams,,1,good will,HCA 45/25,,,
635,7/1/1795,1795,,stork,john holland,126,,1651,,usa,st christopher,william combes,ebenezer wheelwright,,,1,,HCA 45/25,,,
636,5/2/1794,1794,,mary,james codwise,143,,49862,,usa,dominica,nicolas couger,george codwise,joseph rose,,1,mary,HCA 45/25,,,
637,13/1/1794,1794,,william,william trow,166,,82145,,usa,st kitts,william barlett,,,,1,experiment,HCA 45/25,,,
638,29/8/1795,1795,,pomona,joseph crockett,145,,5265,,usa,bermuda,e dulith,john godfried wachsmuth,bobl boblen,,1,lord hawkesbury,HCA 45/25,,,
639,20/1/1794,1794,,neptune,robert towne,140,,791,,usa,st christopher,theodore lyman,oliver keating,joseph moody,robert towne,1,prince of wales,HCA 45/25,,,
640,9/11/1793,1793,,sea flower,edmund snow,58,,47139,,usa,jamaica,thomas bourn,cornelius christian westphal,,,1,king grey,HCA 45/25,,,
641,17/12/1793,1793,,lucy,elias grant,49,,,,usa,st christopher,daniel merry,,,,1,favorite,HCA 45/25,,,
642,19/1/1794,1794,,polly,hezekiah goodhue,123,,1877,,usa,dominica,joseph stanwood,,,,1,amity,HCA 45/25,,,
643,10/3/1794,1794,,charlotte,francis mallaby,175,,2287,,usa,st kitts,george scriba,,,,1,prince of wales,HCA 45/25,,,
644,31/1/1794,1794,,sally,gee colby,67,,2236,,usa,st kitts,joseph wedleigh,israel morrill,robert morrill,jonathan webster,1,christopher,HCA 45/25,,,
645,10/1/1794,1794,,dove,isaac isaacs,90,,2178,,usa,st kitts,robert taylor,alexander ferror,,,1,favorite,HCA 45/25,,,
646,,1798,,lucy,joseph hills woodman,,,865,,usa,bermuda,,,,,1,retrieve,HCA 45/30,,,
647,19/7/1797,1797,,frouw susanna,roelof muring,174,,,,denmark,grenada,andrias oorman,,,,1,cecile,HCA 45/30,,,
648,11/7/1793,1793,,sally,alexander duguid,,,1172,,usa,jamaica,david stewart,david plunket,,,1,little ann,HCA 45/30,,,
649,20/2/1794,1794,,hope,daniel farley,94,,2099,,usa,barbados,,,,,1,duckworth,HCA 45/30,,,
650,19/8/1798,1798,,argus,svend mullerup,137,,26260,,denmark,tortola,a m thygesen,george daniel v g pahlen,,,1,eclipse,HCA 45/30,,,
651,14/6/1797,1797,,duke of sudermania,gustaf william bagge,300,,16700,,germany,tortola,carl henrick wolffer,elias johan metzler,,,1,prince william henry,HCA 45/30,,,
652,23/1/1794,1794,,lydia,john foster,150,,1755,,usa,dominica,john tucker,john norris,benjamin goodhue,,1,rattlesnake,HCA 45/30,,,
653,27/4/1797,1797,,hercules,jurgen cornelius,260,,19677,,denmark,martinique,jurgen cornelius,j b j castelyn,,,1,thomas,HCA 45/30,,,
654,8/4/1797,1797,,patty,charles collins,147,,4890,,usa,new providence,james dewolfe,william dewolfe,john dewolfe,,1,campbell,HCA 45/30,,,
655,7/6/1797,1797,,george,claus ropers,230,,,,denmark,gibraltar,george simon dede,,,,1,tyger,HCA 45/30,,,
656,25/2/1797,1797,,recovery,ebenezer riley,96,,4761,,usa,jamaica,david stewart,,,,1,melpomene,HCA 45/30,,,
657,20/9/1797,1797,,abigail,joshua gage,123,,12333,,usa,martinique,joshua gage,jonathan williams,zoath smith,thomas emberly gage,1,hulker,HCA 45/30,,,
658,8/9/1798,1798,,nancy,edward burrows,133,,2725,,usa,martinique,smith,ridgeway,,,1,princess royal,HCA 45/35,,,
659,25/2/1798,1798,,sisters,valentine alexander stokes,225,,16130,,usa, britain,new providence,thomas forbes,john forbes,william panton,robert leslie,1,plover,HCA 45/35,,
660,8/7/1798,1798,,nancy,john mcalaster,117,,2747,,usa, britain,bahamas,william panton,john leslie,thomas forbes,robert leslie,1,guana,HCA 45/35,,
661,31/5/1798,1798,,general washington,william lake,255,2273,1225,3498,usa,tortola,james crawford,william ruth,,,1,hunter,HCA 45/35,,,
662,12/7/1798,1798,,john,john mcneal,205,,16735,,usa,martinique,bobl boblen,john boblen,,,1,amiable alert,HCA 45/35,,,
663,,1798,,saint croix packet,jeppe hansen holm,147,,8722,,denmark,martinique,jens frederick hage,peter lotharies oxholm,,,1,amiable alert,HCA 45/35,,,
664,31/1/1797,1797,,anna elizabeth,arian frerks,120,,,,denmark,gibraltar,diedrick willinck,,,,1,lion,HCA 45/35,,,
665,11/4/1797,1797,,joseph francis,stephen arnold aplin,110,,2057,,usa,grenada,lippet,jackson,,,1,commerce,HCA 45/35,,,
666,4/2/1794,1794,,neptune,hiram rollins,182,,,,usa,montserrat,john roger champagne,john deyme,archibald campbell,,1,experiment,HCA 45/35,,,
667,30/5/1798,1798,,rambler,isaac parker,136,,2990,,usa,martinique,william muir,william mcclure,,,1,lydia,HCA 45/35,,,
668,3/2/1794,1794,,nelly,nathaniel wattles,86,420,3424,3844,usa,st christopher,williams,cary,patton,finlay,1,black jack,HCA 45/35,,,
669,2/2/1798,1798,,eloisa,martin mckenzie,153,,1979,,usa,martinique,joseph thebaud,,,,1,thomas,HCA 45/35,,,
670,,1797,,ida johanna,jan veder,,,,,,,tens of owners,,,,1,fortune of war,HCA 45/35,,,
671,,1797,,hermina & belia,nis jessen krag,,,,,,,tens of owners,,,,1,fortune of war,HCA 45/35,,,
672,28/7/1800,1800,,neptunus,angelus poppe,205,462,586,1048,prussia or britain,plymouth,lambertus voss,,,,1,maria,HCA 45/40+45,ownership of ship and cargo disputed between a prussian and a british subject,,
673,28/11/1797,1797,,christina,richard everit,142,1367,4200,5567,denmark,tortola,lewis adam,,,,1,portland's prize,HCA 45/40+45,80 slaves on board; average slave price is indicated as $180,,
674,18/7/1799,1799,,eagle,william weeks,,1463,4098,5561,usa,new providence,richard gernon,,,,1,vigilant,HCA 45/40+45,,,
675,15/11/1793,1793,,hope,obed paddock,,,,5379,france,barbados,,,,,1,fox,HCA 45/40+45,prize value disputed by apellant, respondents place it lower by 2700,
676,2/11/1799,1799,,lady rachel,martino montanero,40,,,,denmark,jamaica,elias sarquy,,,,1,experiment,HCA 45/40+45,,,
677,14/6/1801,1801,,susannah,j v spencer,105,,4478,,usa,gibraltar,blacklock,bower,william milliger,,1,la mouche,HCA 45/40+45,,,
678,7/12/1800,1800,,young montezuma,samuel hopkins,105,,,,usa,new providence,william taylor,,,,1,swift,HCA 45/40+45,,,
679,5/6/1800,1800,,trimmer,john mathews,60,,2348,,usa,jamaica,john desdoity,,,,1,argonaut,HCA 45/40+45,,,
680,17/12/1800,1800,,newton,george wakefield,133,,3419,,usa,bahamas,nathaniel mcgill,james taylor,randolph,armistead,1,lion's revenge,HCA 45/40+45,,,
681,16/3/1801,1801,,batt,anthony voss,35,,2309,,denmark,tortola,marco cavallieri,,,,1,lord nelson,HCA 45/40+45,,,
682,29/5/1799,1800,,mary,thomas andrews,80,350,400,750,usa,bahamas,thomas andrews,j anderson,h anderson,b wolfenden,1,plover,HCA 45/40+45,ship damaged and cargo lost after capture,,
683,16/9/1800,1800,,massachusetts,john mansfield,94,,1961,,usa,new providence,john casenave,,,,1,lion's revenge,HCA 45/40+45,,,
684,31/10/1800,1800,,ceres,james peters,120,,2111,,usa,new providence,thomas satterthwaite,william robinson,william hartshorne,john seaman,1,two brothers,HCA 45/40+45,,,
685,19/12/1800,1800,,venus,carl lonberg,144,,2255,,sweden,gibraltar,carl gustaff eckholm,,,,1,sly,HCA 45/40+45,,,
686,29/10/1800,1800,,paul,george wills,70,,1157,,usa,new providence,randolph,armistead,robert wills,moses myers,1,lion's revenge,HCA 45/40+45,,,
687,27/10/1798,1798,,flyer,timothy gardner,110,,3504,,usa,martinique,joseph covachich,,,,1,nancy,HCA 45/40+45,,,
688,18/2/1797,1797,,nancy,anthony fos,54,,1186,,denmark or spain,tortola,isaac ribeiro furtado,,,,1,kitty sheen,HCA 45/40+45,,,
689,10/10/1800,1800,,raven,lettice jennings,44,,,,usa,new providence,scott,seaman,,,1,brothers,HCA 45/40+45,not clear in what currency cargo value is expressed; invoice was issued in new york,,
690,14/8/1800,1800,,berkeley,prince snow,137,,13423,,usa,halifax,prince snow,,,,1,earl of dublin,HCA 45/40+45,,,
691,12/2/1801,1801,,serpente,joseph machado,,,1229,,portugal,cape of good hope,jacinto jorge dos anjos,,,,1,fortune,HCA 45/40+45,,,
692,17/7/1804,1804,,la bella guidetta,nicolo fachinetti,275,,7089,,germany or venice, usa,tortola,nicolo fachinetti,joseph hill,dominico fachinetti,marco fachinetti,1,colpoys,HCA 45/50,,
693,23/1/1799,1799,,jesus nazarino,francisco inver,,,31220,,spain,jamaica,,,,,1,teazer,HCA 45/50,,,
694,22/9/1800,1800,,maria,matthias soderberg,130,,4034,,sweden,minorca,francis morrogh,,,,1,general stuart,HCA 45/50,,,
695,,1805,,thomas,,,459,1420,1879,usa,new providence,joseph smith,michael shanahan,,,1,perseus,HCA 45/50,,,
696,1/1/1802,1802,,nuestra senora de livermento e st anna,manoel da costa pinto,144,760,4665,5425,portugal,barbados,antonio da costa pinto,,,,1,fortune,HCA 45/55,prize value from record of prize sale,,
697,3/11/1805,1805,,betsey,thomas allen jones,244,1950,11220,13170,usa,plymouth,louis crousillac,,,,1,tartar,HCA 45/55,,,
698,11/9/1805,1805,,die drie freunde,w n woegens,160,,2764,,denmark or netherlands,plymouth,altmann,winckelmann,,,1,hero,HCA 45/55,,,
699,1/9/1805,1805,,aidar,hector coffin,156,,10764,,usa,dover,william barlett,george jenkins,hedtor coffin,samuel foster,1,,HCA 45/55,,,
700,6/11/1806,1806,,nova aurora,m j coelho,172,,12289,,portugal,guernsey,francisco xavier de silva,,,,1,algesiras,HCA 45/55,"assume ""hard dollars"" means spanish dollars",,
701,27/11/1805,1805,,caroline,john partridge,114,,,2100,usa,new providence,john maynard,robert lamb,john rice,,1,mars,HCA 45/60,,,
702,13/12/1807,1807,,mount vernon,joseph pierce,152,,4768,,usa,tortola,joseph clarke,,,,1,ambuscade,HCA 45/60,,,
703,,1806,,alert,joseph coleman,,,,1224,usa,antigua,william patterson,,,,1,enterprize,HCA 45/60,prize value from record of prize sale,,
704,,1808,,eliza,allen pendleton,,,,1557,usa,antigua,william winthorp,,,,1,bellona,HCA 45/60,prize value from record of prize sale,,
705,14/8/1806,1806,,die vier gebroeders,alert hermes,120,791,2757,3548,oldenburg,plymouth,harm hindricks,,,,1,queenborough,HCA 45/60,,,
706,24/1/1812,1812,,vrouw debora,willem van luyk,108,,3965,,prussia or netherlands,burnham,thomas baker,jacob israel brandon,,,1,courier,HCA 45/65,,,
707,15/5/1805,1805,,luiza,f j de mendonca,,,3543,,portugal,,joao da costa pinheiro,,,,1,antelope,HCA 45/65,,,
708,12/5/1778,1778,,ville du cap,,,1100,17507,18614,,,,,,,1,ellis,Starkey, A5,,
709,14/5/1779,1779,,eagle,,,900,5427,6327,,,,,,,1,ellis,Starkey, A5,,
710,14/5/1779,1779,,genevieve,,,,,2508,,,,,,,1,gregson,Starkey, A5,,
711,1/4/1779,1779,,prudent,,,,,13696,,,,,,,1,gregson,Starkey, A5,,
712,25/5/1779,1779,,carnatic,,,,,114053,,,,,,,1,mentor,Starkey, A5,,
713,,1588,,,,,,1800,,,london,,,,,1,black dog,Andrews (1964),,,
714,,1591,,,,,,2000,,,london,,,,,1,cherubim,Andrews (1964),,,
715,,1590,,,,,,450,,,london,,,,,1,delight,Andrews (1964),,,
716,,1589,,,,,,450,,,london,,,,,1,discharge,Andrews (1964),,,
717,,1589,,,,,,1180,,,london,,,,,1,eagle,Andrews (1964),,,
718,,1589,,,,,,2000,,,london,,,,,1,elizabeth and mary,Andrews (1964),,,
719,,1590,,,,,,700,,,london,,,,,1,fancy,Andrews (1964),,,
720,,1590,,,,,,110,,,london,,,,,1,fortunatus,Andrews (1964),,,
721,,1591,,,,,,2460,,,london,,,,,1,greyhound,Andrews (1964),,,
722,,1590,,,,,,6000,,,london,,,,,1,harry & john,Andrews (1964),,,
723,,1590,,,,,,300,,,london,,,,,1,harry & john,Andrews (1964),,,
724,,1590,,,,,,500,,,london,,,,,1,harry & john,Andrews (1964),,,
725,,1590,,,,,,2000,,,london,,,,,1,harry & john,Andrews (1964),,,
726,,1590,,,,,,2000,,,london,,,,,1,harry & john,Andrews (1964),,,
727,,1590,,,,,,2000,,,london,,,,,1,harry & john,Andrews (1964),,,
728,,1590,,,,,,2000,,,london,,,,,1,harry & john,Andrews (1964),,,
729,,1590,,,,,,2000,,,london,,,,,1,harry & john,Andrews (1964),,,
730,,1590,,,,,,18000,,,london,,,,,1,harry & john,Andrews (1964),,,
731,,1590,,,,,,3000,,,london,,,,,1,harry & john,Andrews (1964),,,
732,,1589,,,,,,3435,,,london,,,,,1,john,Andrews (1964),,,
733,,1589,,,,,,100,,,london,,,,,1,john,Andrews (1964),,,
734,,1589,,,,,,250,,,london,,,,,1,margaret,Andrews (1964),,,
735,,1591,,,,,,500,,,london,,,,,1,margaret,Andrews (1964),,,
736,,1590,,,,,,230,,,london,,,,,1,mary,Andrews (1964),,,
737,,1591,,,,,,1140,,,london,,,,,1,mermaid,Andrews (1964),,,
738,,1590,,,,,,230,,,london,,,,,1,moonshine,Andrews (1964),,,
739,,1590,,,,,,100,,,london,,,,,1,moonshine,Andrews (1964),,,
740,,1590,,,,,,5000,,,london,,,,,1,moonshine,Andrews (1964),,,
741,,1589,,,,,,2000,,,london,,,,,1,passport,Andrews (1964),,,
742,,1589,,,,,,200,,,london,,,,,1,passport,Andrews (1964),,,
743,,1590,,,,,,2790,,,london,,,,,1,penelope,Andrews (1964),,,
744,,1590,,,,,,1248,,,london,,,,,1,penelope,Andrews (1964),,,
745,,1590,,,,,,2580,,,london,,,,,1,robert,Andrews (1964),,,
746,,1590,,,,,,550,,portugal,london,,,,,1,roebuck,Andrews (1964),,,
747,,1589,,,,,,5000,,,london,,,,,1,salamander,Andrews (1964),,,
748,,1589,,,,,,800,,portugal,london,,,,,1,salamander,Andrews (1964),,,
749,,1589,,,,,,2680,,portugal,london,,,,,1,seadragon,Andrews (1964),,,
750,,1591,,,,,,6000,,,london,,,,,1,susan,Andrews (1964),,,
751,,1591,,,,,,6000,,,london,,,,,1,susan,Andrews (1964),,,
752,,1591,,,,,,6000,,portugal,london,,,,,1,susan,Andrews (1964),,,
753,,1590,,,,,,1500,,,london,,,,,1,swallow,Andrews (1964),,,
754,,1589,,,,,,200,,,southampton,,,,,1,bevis,Andrews (1964),,,
755,,1591,,,,,,455,,,southampton,,,,,1,bevis,Andrews (1964),,,
756,,1591,,,,,,455,,,southampton,,,,,1,bevis,Andrews (1964),,,
757,,1591,,,,,,455,,,southampton,,,,,1,bevis,Andrews (1964),,,
758,,1589,,,,,,3808,,,southampton,,,,,1,blessing,Andrews (1964),,,
759,,1591,,,,,,1100,,,southampton,,,,,1,chance,Andrews (1964),,,
760,,1590,,,,,,60,,,southampton,,,,,1,delight,Andrews (1964),,,
761,,1590,,,,,,470,,,southampton,,,,,1,eleanour,Andrews (1964),,,
762,,1590,,,,,,4030,,brazil,southampton,,,,,1,eleanour,Andrews (1964),,,
763,,1591,,,,,,2000,,,southampton,,,,,1,eleanour,Andrews (1964),,,
764,,1591,,,,,,2000,,brazil,southampton,,,,,1,eleanour,Andrews (1964),,,
765,,1589,,,,,,1320,,,southampton,,,,,1,john young,Andrews (1964),,,
766,,1590,,,,,,200,,,southampton,,,,,1,minion,Andrews (1964),,,
767,,1590,,,,,,1355,,brazil,southampton,,,,,1,phoenix,Andrews (1964),,,
768,,1591,,,,,,600,,,southampton,,,,,1,prudence,Andrews (1964),,,
769,,1591,,,,,,1500,,,southampton,,,,,1,swallow,Andrews (1964),,,
770,,1591,,,,,,2000,,,southampton,,,,,1,swallow,Andrews (1964),,,
771,,1589,,,,,,180,,Hamburg,southampton,,,,,1,william bonaventure,Andrews (1964),,,
772,,1590,,,,,,70,,,southampton,,,,,1,bark young,Andrews (1964),,,
773,,1589,,,,,,280,,,southampton,,,,,1,[unknown],Andrews (1964),,,
774,,1590,,,,,,33,,,southampton,,,,,1,[unknown],Andrews (1964),,,
775,,1590,,,,,,700,,brazil,dorset,,,,,1,advantage,Andrews (1964),,,
776,,1589,,,,,,50,,,dorset,,,,,1,anne huddy,Andrews (1964),,,
777,,1590,,,,,,1000,,brazil,dorset,,,,,1,anne huddy,Andrews (1964),,,
778,,1590,,,,,,40,,,dorset,,,,,1,anne huddy,Andrews (1964),,,
779,,1589,,,,,,4670,,brazil,dorset,,,,,1,bark bond,Andrews (1964),,,
780,,1590,,,,,,660,,,dorset,,,,,1,bark bond,Andrews (1964),,,
781,,1591,,,,,,1500,,,dorset,,,,,1,bark bond,Andrews (1964),,,
782,,1590,,,,,,1715,,brazil,dorset,,,,,1,bark brooke,Andrews (1964),,,
783,,1589,,,,,,120,,,dorset,,,,,1,carouse,Andrews (1964),,,
784,,1590,,,,,,1465,,brazil,dorset,,,,,1,catherine,Andrews (1964),,,
785,,1590,,,,,,2000,,brazil,dorset,,,,,1,catherine,Andrews (1964),,,
786,,1591,,,,,,2850,,brazil,dorset,,,,,1,catherine,Andrews (1964),,,
787,,1591,,,,,,47,,,dorset,,,,,1,hopewell,Andrews (1964),,,
788,,1589,,,,,,5000,,,dorset,,,,,1,julian,Andrews (1964),,,
789,,1589,,,,,,25000,,,dorset,,,,,1,julian,Andrews (1964),,,
790,,1591,,,,,,36,,france,dorset,,,,,1,little john,Andrews (1964),,,
791,,1591,,,,,,373,,,dorset,,,,,1,lyme,Andrews (1964),,,
792,,1590,,,,,,10000,,,dorset,,,,,1,bark randall,Andrews (1964),,,
793,,1590,,,,,,13000,,,dorset,,,,,1,bark randall,Andrews (1964),,,
794,,1591,,,,,,1000,,portugal,dorset,,,,,1,son,Andrews (1964),,,
795,,1591,,,,,,300,,,plymouth,,,,,1,arthur,Andrews (1964),,,
796,,1589,,,,,,10000,,,plymouth,,,,,1,bark burton,Andrews (1964),,,
797,,1591,,,,,,30,,,plymouth,,,,,1,dolphin,Andrews (1964),,,
798,,1589,,,,,,55,,portugal,plymouth,,,,,1,drift,Andrews (1964),,,
799,,1589,,,,,,2720,,brazil,plymouth,,,,,1,elizabeth fishbourne,Andrews (1964),,,
800,,1590,,,,,,1500,,,barnstaple,,,,,1,francis,Andrews (1964),,,
801,,1589,,,,,,560,,,plymouth,,,,,1,greyhound,Andrews (1964),,,
802,,1589,,,,,,140,,,plymouth,,,,,1,bark halse,Andrews (1964),,,
803,,1589,,,,,,50,,,plymouth,,,,,1,hare,Andrews (1964),,,
804,,1590,,,,,,1600,,,topsham,,,,,1,nicholas,Andrews (1964),,,
805,,1590,,,,,,16000,,portugal,barnstaple,,,,,1,prudence,Andrews (1964),,,
806,,1589,,,,,,1375,,,plymouth,,,,,1,sparke,Andrews (1964),,,
807,,1591,,,,,,170,,,bristol,,,,,1,amity,Andrews (1964),,,
808,,1590,,,,,,75,,,bridgewater,,,,,1,diamond,Andrews (1964),,,
809,,1591,,,,,,140,,,bridgewater,,,,,1,diamond,Andrews (1964),,,
810,,1591,,,,,,180,,,bristol,,,,,1,diana,Andrews (1964),,,
811,,1591,,,,,,850,,,bristol,,,,,1,elizabeth bonaventure,Andrews (1964),,,
812,,1591,,,,,,670,,portugal,bristol,,,,,1,elizabeth bonaventure,Andrews (1964),,,
813,,1591,,,,,,100,,,bristol,,,,,1,elizabeth bonaventure,Andrews (1964),,,
814,,1590,,,,,,105,,,bristol,,,,,1,green dragon,Andrews (1964),,,
815,,1591,,fortune,,,,708,,lubeck,bristol,,,,,1,green dragon,Andrews (1964),,,
816,,1590,,,,,,12000,,portugal,bristol,,,,,1,hopewell,Andrews (1964),,,
817,,1591,,,,,,480,,france,bristol,,,,,1,jeromie,Andrews (1964),,,
818,,1591,,,,,,270,,,bristol,,,,,1,jonas,Andrews (1964),,,
819,,1589,,,,,,4000,,brazil,bristol,,,,,1,john,Andrews (1964),,,
820,,1590,,,,,,60,,portugal,bristol,,,,,1,john,Andrews (1964),,,
821,,1591,,,,,,3060,,brazil,bristol,,,,,1,looking-glass,Andrews (1964),,,
822,,1589,,,,,,270,,,bristol,,,,,1,marlin,Andrews (1964),,,
823,,1591,,,,,,70,,,bristol,,,,,1,marlin,Andrews (1964),,,
824,,1591,,,,,,2000,,,bridgewater,,,,,1,mayflower,Andrews (1964),,,
825,,1590,,,,,,2985,,brazil,bristol,,,,,1,merman,Andrews (1964),,,
826,,1590,,,,,,530,,,bristol,,,,,1,pilgrim,Andrews (1964),,,
827,,1590,,,,,,720,,brazil,bristol,,,,,1,pleasure,Andrews (1964),,,
828,,1591,,,,,,790,,,bristol,,,,,1,pleasure,Andrews (1964),,,
829,,1589,,,,,,120,,,bristol,,,,,1,salamander,Andrews (1964),,,
830,,1589,,,,,,230,,,bristol,,,,,1,seabright,Andrews (1964),,,
831,,1591,,,,,,450,,portugal,bristol,,,,,1,toby,Andrews (1964),,,
832,,1589,,,,,,110,,,bristol,,,,,1,white lion,Andrews (1964),,,
833,,1590,,,,,,5,,,bristol,,,,,1,william,Andrews (1964),,,
834,,1591,,,,,,4070,,portugal,lynn,,,,,1,flying hart,Andrews (1964),,,
835,,1590,,,,,,770,,,dover,,,,,1,little grace of god,Andrews (1964),,,
836,,1589,,,,,,3000,,brazil,,,,,,1,black pinnace,Andrews (1964),,,
837,,1589,,,,,,3000,,brazil,,,,,,1,black pinnace,Andrews (1964),,,
838,,1589,,,,,,3000,,brazil,,,,,,1,black pinnace,Andrews (1964),,,
839,,1589,,,,,,1000,,brazil,,,,,,1,disdain,Andrews (1964),,,
840,,1590,,,,,,260,,,,,,,,1,discontent,Andrews (1964),,,
841,,1590,,,,,,1340,,brazil,,,,,,1,galleon dudley,Andrews (1964),,,
842,,1590,,,,,,500,,,,,,,,1,pilgrim,Andrews (1964),,,
843,,1589,,,,,,1940,,,,,,,,1,[unknown],Andrews (1964),,,
844,,1589,,,,,,1460,,,,,,,,1,[unknown],Andrews (1964),,,
845,,1590,,,,,,20,,,,,,,,1,[unknown],Andrews (1964),,,
846,,1589,,,,,,200,,,,,,,,1,[unknown],Andrews (1964),,,
847,,1589,,,,,,790,,,ilfracombe,,,,,1,[unknown],Andrews (1964),,,
848,,1591,,,,,,800,,,st ives,,,,,1,[unknown],Andrews (1964),,,
849,,1591,,,,,,60,,,,,,,,1,[unknown],Andrews (1964),,,
850,,1589,,,,,,25,,,,,,,,1,[unknown],Andrews (1964),,,
851,,1590,,,,,,120,,,,,,,,1,[unknown],Andrews (1964),,,
852,,1590,,,,,,360,,,,,,,,1,[unknown],Andrews (1964),,,
853,,1589,,,,,,440,,,,,,,,1,[unknown],Andrews (1964),,,
854,,1598,,,,,,16000,,,london,,,,,1,affection,Andrews (1964),,,
855,,1598,,,,,,212,,,london,,,,,1,balzar,Andrews (1964),,,
856,,1598,,,,,,400,,,london,,,,,1,golden phoenix,Andrews (1964),,,
857,,1598,,,,,,118,,,london,,,,,1,john,Andrews (1964),,,
858,,1598,,,,,,2555,,,london,,,,,1,lizard,Andrews (1964),,,
859,,1598,,,,,,750,,portugal,london,,,,,1,margaret & john,Andrews (1964),,,
860,,1598,,,,,,1300,,,london,,,,,1,merchant bonaventure,Andrews (1964),,,
861,,1598,,,,,,2700,,,london,,,,,1,neptune,Andrews (1964),,,
862,,1598,,,,,,70,,,london,,,,,1,phoenix,Andrews (1964),,,
863,,1598,,,,,,30,,,london,,,,,1,report,Andrews (1964),,,
864,,1598,,,,,,20,,,london,,,,,1,report,Andrews (1964),,,
865,,1598,,,,,,900,,brazil,london,,,,,1,seamew,Andrews (1964),,,
866,,1598,,,,,,87,,,southampton,,,,,1,angel,Andrews (1964),,,
867,,1598,,,,,,37,,,southampton,,,,,1,[unknown],Andrews (1964),,,
868,,1598,,,,,,2180,,,southampton,,,,,1,darling,Andrews (1964),,,
869,,1598,,,,,,194,,,southampton,,,,,1,elizabeth,Andrews (1964),,,
870,,1598,,,,,,30,,,southampton,,,,,1,mayflower,Andrews (1964),,,
871,,1598,,,,,,820,,,southampton,,,,,1,phoenix bonaventure,Andrews (1964),,,
872,,1598,,,,,,1000,,,southampton,,,,,1,speedwell,Andrews (1964),,,
873,,1598,,,,,,120,,,southampton,,,,,1,welcome,Andrews (1964),,,
874,,1598,,,,,,30,,,dorset,,,,,1,aid,Andrews (1964),,,
875,,1598,,,,,,110,,,dorset,,,,,1,catherine white,Andrews (1964),,,
876,,1598,,,,,,1000,,,dorset,,,,,1,catherine white,Andrews (1964),,,
877,,1598,,,,,,2640,,spain,dorset,,,,,1,francis,Andrews (1964),,,
878,,1598,,,,,,2200,,,dorset,,,,,1,pearl,Andrews (1964),,,
879,,1598,,,,,,2820,,brazil,dorset,,,,,1,return,Andrews (1964),,,
880,,1598,,,,,,54,,,dorset,,,,,1,revenge,Andrews (1964),,,
881,,1598,,,,,,80,,,dorset,,,,,1,tobacco pipe,Andrews (1964),,,
882,,1598,,,,,,210,,,bristol,,,,,1,flying dragon,Andrews (1964),,,
883,,1598,,,,,,120,,,bristol,,,,,1,mary fortune,Andrews (1964),,,
884,,1598,,,,,,24,,,bristol,,,,,1,shiver,Andrews (1964),,,
885,,1707,,,,450,,9236,,hamburg,dunkirk,,,,,1,,Bromley (1987),,,
886,,1707,,,,250,,6158,,hamburg,dunkirk,,,,,1,,Bromley (1987),,,
887,,1707,,,,,,288,,hamburg,dunkirk,,,,,1,,Bromley (1987),,,
888,,1707,,,,250,,28846,,netherlands,dunkirk,,,,,1,,Bromley (1987),,,
889,,1707,,,,350,,9326,,britain,dunkirk,,,,,1,,Bromley (1987),,,
890,,1707,,,,,,70,,britain,dunkirk,,,,,1,,Bromley (1987),,,
891,,1707,,,,50,,92,,netherlands,dunkirk,,,,,1,,Bromley (1987),,,
892,,1707,,,,,,18473,,netherlands,dunkirk,,,,,1,,Bromley (1987),,,
893,,1707,,,,,,185,,netherlands,dunkirk,,,,,1,,Bromley (1987),,,
894,,1707,,,,150,,6158,,britain,dunkirk,,,,,1,,Bromley (1987),,,
895,,1707,,,,,,1000,,britain,dunkirk,,,,,1,,Bromley (1987),,,
896,,1707,,,,,,1150,,britain,dunkirk,,,,,1,,Bromley (1987),,,
897,,1707,,,,,,514,,netherlands,dunkirk,,,,,1,,Bromley (1987),,,
898,,1707,,,,,,246,,netherlands,dunkirk,,,,,1,,Bromley (1987),,,
899,,1707,,,,,,74,,netherlands,dunkirk,,,,,1,,Bromley (1987),,,
900,,1707,,,,150,,12315,,sweden,dunkirk,,,,,1,,Bromley (1987),,,
901,,1707,,,,,,433,,netherlands,dunkirk,,,,,1,,Bromley (1987),,,
902,,1707,,,,,,616,,britain,dunkirk,,,,,1,,Bromley (1987),,,
903,,1707,,,,,,180,,britain,dunkirk,,,,,1,,Bromley (1987),,,
904,,1707,,,,,,554,,netherlands,dunkirk,,,,,1,,Bromley (1987),,,
905,,1707,,,,,,616,,netherlands,dunkirk,,,,,1,,Bromley (1987),,,
906,,1707,,,,,,310,,britain,dunkirk,,,,,1,,Bromley (1987),,,
907,,1707,,,,,,192,,netherlands,dunkirk,,,,,1,,Bromley (1987),,,
908,,1707,,,,,,986,,netherlands,dunkirk,,,,,1,,Bromley (1987),,,
909,,1707,,,,,,1001,,netherlands,dunkirk,,,,,1,,Bromley (1987),,,
910,,1707,,,,,,288,,netherlands,dunkirk,,,,,1,,Bromley (1987),,,
911,,1707,,,,,,70,,britain,dunkirk,,,,,1,,Bromley (1987),,,
912,,1707,,,,,,394,,netherlands,dunkirk,,,,,1,,Bromley (1987),,,
913,,1707,,,,200,,12315,,sweden,dunkirk,,,,,1,,Bromley (1987),,,
914,,1707,,,,420,,11084,,netherlands,dunkirk,,,,,1,,Bromley (1987),,,
915,,1707,,,,,,70,,britain,dunkirk,,,,,1,,Bromley (1987),,,
916,,1707,,,,250,,12315,,netherlands,dunkirk,,,,,1,,Bromley (1987),,,
917,,1707,,,,,,25,,netherlands,dunkirk,,,,,1,,Bromley (1987),,,
918,,1707,,,,,,300,,britain,dunkirk,,,,,1,,Bromley (1987),,,
919,,1810,,,,,,3838,,britain,marseille,,,,,1,jean bart,Crowhurst (1989),,,
920,,1810,,,,,,1247,,britain,marseille,,,,,1,jean bart,Crowhurst (1989),,,
921,,1810,,,,,,1247,,usa,marseille,,,,,1,jean bart,Crowhurst (1989),,,
922,,1810,,,,,,1247,,sweden,marseille,,,,,1,jean bart,Crowhurst (1989),,,
923,,1810,,leeds,,,,11969,,britain,marseille,,,,,1,dubordieu,Crowhurst (1989),,,
924,,1811,,,,,,270,,,marseille,,,,,1,paysan la tour,Crowhurst (1989),,,
925,,1810,,,,,,590,,spain,marseille,,,,,1,cesar,Crowhurst (1989),,,
926,,1810,,,,,,1092,,britain,marseille,,,,,1,cesar,Crowhurst (1989),,,
927,,1798,,onwerwagt,,,167,45,212,netherlands,nantes,,,,,1,adelaide,Crowhurst (1989),,,
928,,1743,1739-1748,stafford,,,,,225,liverpool,,,,,,1,,Williams (1966),ransomed,,
929,,1743,1739-1748,molly,,,,,600,liverpool,,,,,,1,,Williams (1966),ransomed,,
930,,1743,1739-1748,bridget,,,,,1100,liverpool,,,,,,1,,Williams (1966),ransomed,,
931,,1743,1739-1748,anne,,,,,400,liverpool,,,,,,1,,Williams (1966),ransomed,,
932,,1759,1756-1763,granville,,,,,500,liverpool,,,,,,1,,Williams (1966),ransomed,,
933,,1756,,,,,,,20000,france,liverpool,,,,,1,anson,Williams (1966:87),,,
934,20/9/1756,1756,,alexander,,400,,,5000,,liverpool,,,,,1,anson,Williams (1966:89),,,
935,1/1/1756,1756,,artabonetta,,,,20000,,,liverpool,,,,,1,anson,Williams (1966:89),,,
936,8/1/1757,1757,,le victoire,,,,6000,,havre,liverpool,,,,,1,isaac,Williams (1966:104),,,
937,1/7/1757,1757,,prince de conti,,800,,,100000,france,liverpool,,,,,1,isaac,Williams (1966:106),,,
938,11/12/1756,1756,,blay,scott,,,,1000,,liverpool,,,,,1,hibernia,Williams (1966:108),,,
939,29/1/1757,1757,,,,,,1263,,france,liverpool,,,,,1,king of prussia,Williams (1966:111),,,
940,30/5/1757,1757,,,,,,,6000,france,liverpool,,,,,1,ottway,Williams (1966:123),,,
941,18/6/1757,1757,,grand marquis de tournay,,,,,20000,france,liverpool,,,,,1,liverpool,Williams (1966:128),,,
942,,1758,,,,,,,8264,france,liverpool,,,,,1,liverpool,Williams (1966:133),,,
943,9/5/1759,1759,,,,,,5000,,,liverpool,,,,,1,upton,Williams (1966:156),,,
944,,1777,,lydia,,,,,20400,liverpool,maryland,,,,,1,,Williams (1966:201),,,
945,,1778,,,,,,,4000,,new york,,,,,1,richard,Williams (1966:219),,,
946,,1778,,,,,,,1200,,liverpool,,,,,1,belcour,Williams (1966:222),,,
947,,1778,,,,,,,2500,france,liverpool,,,,,1,belcour,Williams (1966:222),,,
948,,1779,,necessary,,,,,4000,,jamaica,,,,,1,bellona,Williams (1966:227),,,
949,,1778,,la mallie,,,,,20000,france,exeter,,,,,1,little ben,Williams (1966:234),,,
950,,1778,,catharina,,,,25000,,spain,liverpool,,,,,1,knight,Williams (1966:235),,,
951,28/5/1778,1778,,,,,,25560,,france,jamaica,,,,,1,tartar,Williams (1966:237),,,
952,28/10/1779,1779,,carnatic,,,,,135000,france,liverpool,,,,,1,mentor,Williams (1966:239),"""richest prize ever taken and brought safe into port by a Liverpool adventurer""",,
953,14/3/1781,1781,,,,,,,12000,,liverpool,,,,,1,stag,Williams (1966:263),,,
954,16/1/1781,1781,,diana,,,,12000,,usa,liverpool,,,,,2,antigallican, alert,Williams (1966:266),,
955,,1780,,,,,,,1300,,liverpool,,,,,1,tonyn,Williams (1966:270),,,
956,,1781,,la sartine,,350,,15000,,france,liverpool,,,,,1,woolton,Williams (1966:285),,,
957,,1783,,eendroght,,,,,40000,netherlands,liverpool,,,,,2,patsey, harlequin,Williams (1966:287),,
958,,1781,,,,500,,,10899,sweden,liverpool,,,,,1,lightning,Williams (1966:289),,,
959,6/2/1783,1783,,,,,,,10000,france,tortola,,,,,1,quaker,Williams (1966:290),,,
960,,1781,,peace,,,,,2100,britain,france,,,,,1,,Williams (1966:290),ransomed,,
961,,1781,,spooner,,,,,1890,britain,france,,,,,1,,Williams (1966:290),ransomed,,
962,,1781,,fortitude,,,,,1575,britain,france,,,,,1,,Williams (1966:290),ransomed,,
963,,1781,,six sisters,,,,,1575,britain,france,,,,,1,,Williams (1966:290),ransomed,,
964,,1781,,william,,,,,1575,britain,france,,,,,1,,Williams (1966:290),ransomed,,
965,,1781,,sally,,,,,525,britain,france,,,,,1,,Williams (1966:290),ransomed,,
966,,1781,,lark,,,,,315,britain,france,,,,,1,,Williams (1966:290),ransomed,,
967,,1781,,glory,,,,,158,britain,france,,,,,1,,Williams (1966:290),ransomed,,
968,,1781,,elizabeth,,,,,116,britain,france,,,,,1,,Williams (1966:290),ransomed,,
969,,1781,,countess de maurepas,,,,,473,france,liverpool,,,,,1,,Williams (1966:291),ransomed,,
970,,1781,,Olive Branch,,,,,7854,liverpool,,,,,,1,,Williams (1966:291),ransomed,,
971,,1743,1739-1748,,,,,,400,,new york,,,,,1,elizabeth,Lydon (1970:271-274),,,
972,,1743,1739-1748,,,,,,400,,new york,,,,,1,king george,Lydon (1970:271-274),,,
973,,1743,1739-1748,,,,,,500,,new york,,,,,1,morning star,Lydon (1970:271-274),,,
974,,1743,1739-1748,,,,,,3500,,new york,,,,,1,phoenix,Lydon (1970:271-274),,,
975,,1743,1739-1748,,,,,,3000,,new york,,,,,1,speedwell,Lydon (1970:271-274),,,
976,,1743,1739-1748,,,,,,400,,new york,,,,,1,sturdy beggar,Lydon (1970:271-274),,,
977,,1759,1756-1763,,,,,,400,,new york,,,,,1,bellisle,Lydon (1970:271-274),,,
978,,1759,1756-1763,,,,,,9300,,new york,,,,,1,defiance,Lydon (1970:271-274),,,
979,,1759,1756-1763,,,,,,800,,new york,,,,,1,general amherst,Lydon (1970:271-274),,,
980,,1759,1756-1763,,,,,,2010,,new york,,,,,1,heroe,Lydon (1970:271-274),,,
981,,1759,1756-1763,,,,,,100,,new york,,,,,1,king william III,Lydon (1970:271-274),,,
982,,1759,1756-1763,,,,,,1080,,new york,,,,,1,mary,Lydon (1970:271-274),,,
983,,1759,1756-1763,,,,,,450,,new york,,,,,1,orleans,Lydon (1970:271-274),,,
984,,1759,1756-1763,,,,,,12200,,new york,,,,,1,paragon,Lydon (1970:271-274),,,
985,,1759,1756-1763,,,,,,1035,,new york,,,,,1,prince of wales,Lydon (1970:271-274),,,
986,,1759,1756-1763,,,,,,600,,new york,,,,,1,eagle,Lydon (1970:271-274),,,
987,,1759,1756-1763,,,,,,500,,new york,,,,,1,elizabeth,Lydon (1970:271-274),,,
988,,1759,1756-1763,,,,,,9000,,new york,,,,,1,peggy,Lydon (1970:271-274),,,
989,,1759,1756-1763,,,,,,1500,,new york,,,,,1,[unknown],Lydon (1970:271-274),,,
990,5/4/1793,1793,,l'agreable,,,,,8000,france,liverpool,thomas barton,,,,1,harriet,Williams (1966:305),,,
991,6/4/1793,1793,,la expeditif,,,,,10000,france,liverpool,,,,,1,thomas,Williams (1966:306),,,
992,5/4/1793,1793,,le federatif,,,,,32000,france,liverpool,,,,,1,prince of wales,Williams (1966:307),,,
993,13/4/1793,1793,,st roman,,,,,5000,france,liverpool,,,,,1,dudgeon,Williams (1966:308),,,
994,17/4/1793,1793,,,,,,,15000,france,liverpool,,,,,1,dudgeon,Williams (1966:308),,,
995,4/5/1793,1793,,la liberte,,800,,,190000,france,barbados,,,,,1,pilgrim,Williams (1966:310),,,
996,,1793,,bon menage,,,,,100000,france,dominica,,,,,1,amity,Williams (1966:314),,,
997,,1797,,la victoria,,,,,10000,spain,liverpool,,,,,1,ocean,Williams (1966:360),,,
998,,1798,,,,,,,7000,spain,jamaica,,,,,1,benson,Williams (1966:372),,,
999,,1800,,angola,,,,,800,russia,liverpool,,,,,1,HMS actaeon,Williams (1966:377),,,
1000,,1803,,l'amicable lucile,,,,,80000,france,liverpool,,,,,1,ainsley,Williams (1966:387),,,
1001,5/9/1803,1803,,maria alletta,,,,,45000,netherlands,liverpool,,,,,1,margaret and eliza,Williams (1966:387),,,
1002,,1803,,city of lyons,,400,,,26000,france,liverpool,,,,,1,sarah,Williams (1966:387),,,
1003,,1805,,,,,,,25000,spain,liverpool,,,,,1,westmoreland,Williams (1966:398),,,
1004,4/4/1805,1805,,las dos amigas,,,,,151000,spain,liverpool,,,,,1,eliza, greyhound,Williams (1966:414),,
1005,,1812,,queen,,,,,85000,liverpool,new york,,,,,1,general armstrong,Williams (1966:440),,,
1006,,1812,,henry,,200,,40000,,liverpool,new york,,,,,1,governor tompkins,Williams (1966:440),,,
1007,,1812,,nancy,,,,27000,,liverpool,portsmouth, NH,,,,,1,portsmouth,Williams (1966:441),,
1008,,1812,,dromo,,,,70000,,liverpool,portsmouth, NH,,,,,1,portsmouth,Williams (1966:441),,
1009,,1813,,thames,,,,,10667,liverpool,bristol, RI,james de wolf,,,,1,yankee,Williams (1966:448),,
1010,,1813,,shannon,,,,,13333,liverpool,bristol, RI,james de wolf,,,,1,yankee,Williams (1966:448),,
1011,,1813,,st jose,,,,,160000,liverpool,portland, usa,james de wolf,,,,1,yankee,Williams (1966:448),,
1012,,1813,,alder,,,,,6400,liverpool,bristol, RI,james de wolf,,,,1,yankee,Williams (1966:448),,
1013,,1813,,despatch,,,,,80000,liverpool,bristol, RI,james de wolf,,,,1,yankee,Williams (1966:448),,
1014,,1690,,,,180,,,3571,france,jersey,,,,,1,hare,Jamieson (1986:124),,,
1015,,1778,,,,,,,6500,france,england,,,,,1,duchess of kingston,Jamieson (1986:163),recaptured english ship,,
1016,,1779,,neptune,,,196,2039,2235,boston,guernsey,,,,,1,dragon,Jamieson (1986:171),,,
1017,,1805,,san jose andrea,,,,,10000,spain,guernsey,,,,,2,hms euryalus, may flower,Jamieson (1986:191),,
1018,7/10/1711,1711,,St. Nicolas,,,,,950,france,bristol,,,,,1,ambuscade,Powell (1930),,,
1019,1/10/1746,1746,,unknown,,,,,1100,,bristol,,,,,1,blandford,Powell (1930),,,
1020,22/1/1747,1747,,st philip,,,,,30000,,bristol,,,,,1,blandford,Powell (1930),,,
1021,,1744,,,,,,,6000,,bristol,,,,,1,constantine,Powell (1930),,,
1022,21/2/1747,1747,,unknown,,,,,5000,france,bristol,,,,,1,constantine,Powell (1930),,,
1023,2/1/1748,1748,,jean baptiste,,,,,15000,france,bristol,,,,,1,constantine,Powell (1930),,,
1024,2/1/1748,1748,,st blaize,,,,,15000,france,bristol,,,,,1,constantine,Powell (1930),,,
1025,1/12/1744,1744,,unknown,,,,,200,france,bristol,,,,,1,king william,Powell (1930),,,
1026,26/6/1744,1744,,unknown,,,,,25000,domingo,bristol,,,,,1,mediterranean,Powell (1930),,,
1027,20/8/1744,1744,,unknown,,,,,3000,france,bristol,,,,,1,prince charles,Powell (1930),,,
1028,20/8/1744,1744,,unknown,,,,,3000,france,bristol,,,,,1,prince charles,Powell (1930),,,
1029,20/8/1744,1744,,rostan,,,,,20000,,bristol,,,,,1,queen of hungary,Powell (1930),,,
1030,23/5/1745,1745,,duc de guyenne of bordeaux,,,,,5000,france,bristol,,,,,1,sheerness,Powell (1930),,,
1031,23/5/1745,1745,,st andre of bordeaux,,,,,5000,france,bristol,,,,,1,sheerness,Powell (1930),,,
1032,23/5/1745,1745,,belle louise of bordeaux,,,,,5000,france,bristol,,,,,1,sheerness,Powell (1930),,,
1033,23/5/1745,1745,,abraham of nantes,,,,,5000,france,bristol,,,,,1,sheerness,Powell (1930),,,
1034,23/5/1745,1745,,victoire of nantes,,,,,5000,france,bristol,,,,,1,sheerness,Powell (1930),,,
1035,1/7/1746,1746,,charming peggy,,,,,251,5,,bristol,,,,,1,southwell,Powell (1930),day unknown; assumed 1st,
1036,5/3/1748,1748,,santa theresa,,,,,40000,,bristol,,,,,1,tiger,Powell (1930),,,
1037,1/12/1744,1744,,unknown,,,,,970,,bristol,,,,,1,townshend,Powell (1930),,,
1038,1/11/1740,1740,,unknown,,,,,18000,spain,bristol,,,,,1,vernon,Powell (1930),,,
1039,1/8/1756,1756,,marie esther,,,,,20000,france,bristol,,,,,1,anson,Powell (1930),,,
1040,1/8/1756,1756,,amiable julie,,,,,20000,france,bristol,,,,,1,anson,Powell (1930),,,
1041,1/8/1757,1757,,marquis de conflans,,,,,20000,france,bristol,,,,,1,dreadnought,Powell (1930),,,
1042,1/7/1757,1757,,duc d'aquitaine,,,,,17000,france,bristol,,,,,1,duke of cornwall,Powell (1930),,,
1043,1/7/1759,1759,,unknown,,,,,35000,france,bristol,,,,,1,pitt,Powell (1930),,,
1044,1/3/1781,1781,,d'endracht,,,,,38400,,bristol,,,,,1,caesar,Powell (1930),,,
1045,1/4/1781,1781,,three friends,,,,,6000,,bristol,,,,,1,hornet,Powell (1930),,,
1046,24/8/1779,1770,,santa inez,,,,,125000,spain,bristol,,,,,1,ranger,Powell (1930),,,
1047,1/5/1780,1780,,fortune,,,,,7000,france,bristol,,,,,1,ranger,Powell (1930),,,
1048,1/5/1780,1780,,victorieux,,,,,7000,france,bristol,,,,,1,ranger,Powell (1930),,,
1049,1/3/1779,1779,,louisa elizabeth,,,,,40000,france,bristol,,,,,1,rover,Powell (1930),,,
1050,1/8/1793,1793,,unknown,,,,,60000,france,bristol,,,,,1,liberty,Powell (1930),,,
1051,1/8/1793,1793,,unknown,,,,,60000,france,bristol,,,,,1,liberty,Powell (1930),,,
1052,1/2/1795,1795,,requin,,,,,1500,france,,,,,,1,thalia,Hill (1998),,,
1053,24/2/1805,1805,,la fortuna,,,,,130000,,,,,,,1,pallas,Hill (1998),,,
1054,20/12/1797,1797,,nereide,,,,,14444,france,biscay,,,,,1,phoebe,Hill (1998),,,
1055,3/2/1809,1809,,iris,,,,,16804,,dutch coast,,,,,1,aimable,Hill (1998),,,
1056,5/4/1809,1809,,le niemen,,,,,33567,france,biscay,,,,,1,amethyst,Hill (1998),,,
1057,29/3/1800,1800,,guillaume tell,,,,,37138,france,malta,,,,,1,culloden,Hill (1998),,,
1058,7/3/1801,1801,,nouvelle mouche,,,,,800,france,,,,,,1,diamond,Hill (1998),,,
1059,1/5/1813,1813,,imperatrice reine,,,,,11539,france,,,,,,1,hotspur,Hill (1998),,,
1060,1/1/1810,1810,,jeannie,,,,,3169,england recapture,,,,,,1,helena,Hill (1998),,,
1061,12/12/1804,1804,,new concord,,,,,80,england recapture,,,,,,2,courier, charlotte,Hill (1998),,
1062,16/7/1812,1812,,nautilus,,,,,2200,england recapture,,,,,,5,shannon + 4 others,Hill (1998),,,
1063,1/10/1813,1813,,neptunus,,,,,850,england recapture,,,,,,7,zealous + 6 others,Hill (1998),,,
1064,6/5/1807,1807,,julia,,,,,210,,,,,,,3,inconstant, jamaica, albicore,Hill (1998),
1065,25/8/1807,1807,,juliana,,,,,4764,,,,,,,4,quebec, cruizer, archer, sparkler,Hill (1998)
1066,10/2/1809,1809,,junon,,,,,35098,,saintes,,,,,4,horatio, latona, superieure, driver,Hill (1998)
1067,1/1/1780,1780,,jeune emilia,,,,,3700,france,liverpool,,,,,1,hawke,Hyde, Parkinson and Marriner (1953),,
1068,1/1/1747,1747,,st. philip,,,,,30000,france,,,,,,1,unknown,Morgan, K. (1993),,
1069,1/1/1748,1748,,santa theresa,,,,,40000,france,,,,,,1,unknown,Morgan, K. (1993),,
1070,,1781,,goede verwagting,,,,,3000,dutch,,,,,,1,true briton,Jamieson (1986),,,
1071,,1778,,,,,,,250,,,,,,,1,gay,Timewell (1970),,,
1072,,1778,,,,,,,250,,,,,,,1,experiment,Timewell (1970),,,
1073,,1778,,,,,,,250,,,,,,,1,experiment,Timewell (1970),,,
1074,,1778,,la perla,,,,,35087,spain,south sea,,,,,2,sprightly, shark,Timewell (1970),,
1075,,1778,,vainquier,,,,,20000,france,sto. domingo to bordeaux,,,,,1,hawk,Timewell (1970),,,
1076,,1779,,st. jacques,,,,,6000,france,sto. domingo to bordeaux,,,,,1,revenge,Timewell (1970),,,
1077,,1779,,le duc le roy,,,,,1500,france,havre to lisbon,,,,,1,royal charlotte,Timewell (1970),,,
1078,,1779,,signora mercantoli,,,,,40000,,cadiz to nantes,,,,,1,unicorn,Timewell (1970),,,
1079,,1779,,santa trinidada,,,,,12000,spain,cadiz to nantes,,,,,1,nero,Timewell (1970),,,
1080,,1779,,st. jacques de rosa,,,,,18000,spain,cadiz to lorient,,,,,1,savage,Timewell (1970),,,
1081,,1805,,san jose andrea,,,,,10000,spain,,,,,,1,mayflower,Meyer (1986),,,
